Date,Close,High,Low,Open,Volume
2015-11-20,31.7,34.0,21.4,21.4,52087.0
2015-11-23,37.0,40.0,32.0,32.0,38061.0
2015-11-24,38.0,41.5,37.6,38.1,11852.0
2015-11-25,34.4,38.4,32.6,38.4,16705.0
2015-11-26,38.0,38.4,34.0,34.4,13373.0
2015-11-27,38.0,38.0,37.0,38.0,4789.0
2015-11-30,35.5,37.0,35.0,37.0,3860.0
2015-12-01,34.2,37.5,34.2,37.5,2966.0
2015-12-02,32.9,34.0,32.8,33.0,5526.0
2015-12-03,30.5,32.5,30.5,32.5,1917.0
2015-12-04,29.9,30.0,29.0,30.0,3469.0
2015-12-07,31.0,31.4,29.0,29.5,6426.0
2015-12-08,30.3,37.4,30.3,33.0,4306.0
2015-12-09,30.1,30.3,30.1,30.3,127.0
2015-12-10,33.7,34.2,29.1,29.1,3648.0
2015-12-11,33.0,33.0,29.6,32.9,9542.0
2015-12-14,29.9,31.0,29.7,29.7,1420.0
2015-12-15,31.5,33.5,28.7,33.5,1790.0
2015-12-16,29.9,32.0,29.9,30.0,215.0
2015-12-17,28.8,29.8,28.8,28.9,1112.0
2015-12-18,28.8,28.8,28.8,28.8,8596.0
2015-12-21,28.8,28.8,28.8,28.8,226.0
2015-12-22,29.2,29.2,26.0,28.0,7391.0
2015-12-23,29.2,29.2,29.2,29.2,0.0
2015-12-28,28.0,29.2,27.9,29.2,1016.0
2015-12-29,26.2,27.3,25.0,27.3,3750.0
2015-12-30,26.2,27.0,25.5,25.5,4334.0
2016-01-04,23.3,25.1,21.5,25.1,6562.0
2016-01-05,22.0,22.9,22.0,22.9,4218.0
2016-01-07,22.0,22.9,22.0,22.9,4218.0
2016-01-08,22.3,23.1,21.1,21.2,2375.0
2016-01-11,25.5,26.7,23.0,23.0,3450.0
2016-01-12,28.0,30.1,26.1,26.7,10368.0
2016-01-13,27.4,28.0,27.4,28.0,5125.0
2016-01-14,27.4,27.5,27.4,27.5,1000.0
2016-01-15,25.5,27.5,25.5,27.4,3959.0
2016-01-18,22.6,24.8,22.6,24.8,302.0
2016-01-19,23.5,23.5,22.7,22.7,1100.0
2016-01-20,23.1,23.1,23.0,23.0,3314.0
2016-01-21,22.0,23.7,20.0,23.7,4286.0
2016-01-22,22.1,22.2,22.0,22.0,1042.0
2016-01-25,22.3,22.3,22.3,22.3,71.0
2016-01-26,22.3,22.3,22.3,22.3,0.0
2016-01-27,22.5,22.5,22.5,22.5,692.0
2016-01-28,22.5,22.5,22.5,22.5,0.0
2016-01-29,22.8,22.8,22.8,22.8,658.0
2016-02-01,22.1,23.4,21.8,23.4,1802.0
2016-02-02,22.1,22.1,22.1,22.1,400.0
2016-02-03,19.8,21.5,18.6,21.5,15424.0
2016-02-04,19.0,19.3,19.0,19.3,163.0
2016-02-05,18.4,20.0,17.2,19.0,5062.0
2016-02-08,17.5,18.6,17.5,18.4,2260.0
2016-02-09,16.3,17.7,16.3,17.3,4995.0
2016-02-10,17.3,17.3,16.5,16.5,2393.0
2016-02-11,17.7,17.7,17.7,17.7,43.0
2016-02-12,17.0,17.6,16.4,17.6,13210.0
2016-02-15,17.0,17.0,17.0,17.0,593.0
2016-02-16,16.5,17.0,16.4,17.0,3326.0
2016-02-17,15.5,16.5,15.5,16.5,723.0
2016-02-18,15.2,15.3,14.95,15.3,3205.0
2016-02-19,15.1,15.3,15.1,15.3,1389.0
2016-02-22,15.5,15.5,15.5,15.5,200.0
2016-02-23,15.8,16.0,15.7,16.0,3936.0
2016-02-24,15.9,16.7,15.9,16.2,2425.0
2016-02-25,15.6,16.0,15.6,16.0,1670.0
2016-02-26,15.5,15.9,15.5,15.6,832.0
2016-02-29,15.0,15.9,15.0,15.9,3731.0
2016-03-01,15.0,15.0,15.0,15.0,0.0
2016-03-02,15.0,15.0,15.0,15.0,0.0
2016-03-03,14.25,14.7,14.25,14.7,2242.0
2016-03-04,14.4,14.4,14.4,14.4,400.0
2016-03-07,14.45,14.75,14.45,14.75,1444.0
2016-03-08,14.2,14.65,14.2,14.65,730.0
2016-03-09,14.2,14.2,14.2,14.2,0.0
2016-03-10,14.5,14.5,14.5,14.5,5.0
2016-03-11,17.4,17.4,14.2,14.2,7279.0
2016-03-14,16.5,17.4,15.8,17.4,5478.0
2016-03-15,15.7,16.0,15.7,16.0,522.0
2016-03-16,15.0,16.0,15.0,16.0,2461.0
2016-03-17,14.65,15.0,14.65,15.0,1826.0
2016-03-18,14.4,14.75,14.4,14.4,2264.0
2016-03-21,15.8,15.8,14.1,14.1,3835.0
2016-03-22,14.9,16.0,14.65,16.0,6172.0
2016-03-23,14.65,14.9,14.6,14.9,4568.0
2016-03-24,14.9,14.9,14.9,14.9,300.0
2016-03-29,14.35,14.35,14.35,14.35,16.0
2016-03-30,14.25,14.55,14.25,14.55,3725.0
2016-03-31,15.0,17.5,14.0,14.3,10246.0
2016-04-01,15.2,15.8,15.0,15.5,4787.0
2016-04-04,14.7,15.2,14.7,15.2,1844.0
2016-04-05,14.0,14.65,13.5,14.25,12181.0
2016-04-06,13.8,14.3,12.85,12.85,4152.0
2016-04-07,13.5,13.75,13.05,13.5,1942.0
2016-04-08,13.7,13.9,13.7,13.9,2249.0
2016-04-11,21.2,27.0,14.35,14.35,16669.0
2016-04-12,30.0,33.1,21.0,21.2,23026.0
2016-04-13,24.0,33.0,20.6,32.0,41076.0
2016-04-14,20.5,24.1,20.5,24.0,10322.0
2016-04-15,29.6,30.1,22.0,22.0,36288.0
2016-04-18,29.1,36.0,29.1,31.0,28188.0
2016-04-19,27.6,30.0,23.7,29.2,12794.0
2016-04-20,29.6,29.6,28.0,28.0,1338.0
2016-04-21,28.6,29.6,25.3,29.6,2901.0
2016-04-22,28.7,29.5,28.7,29.5,635.0
2016-04-25,28.7,29.5,28.7,28.7,11837.0
2016-04-26,28.7,29.5,28.7,29.5,8551.0
2016-04-27,27.4,28.5,27.4,28.5,594.0
2016-04-28,26.7,26.8,26.0,26.6,3860.0
2016-04-29,26.3,27.3,26.1,26.7,628.0
2016-05-02,29.1,29.6,25.7,25.7,8503.0
2016-05-03,26.8,28.3,26.0,26.5,532.0
2016-05-04,25.6,26.0,24.1,26.0,3529.0
2016-05-06,25.0,25.0,25.0,25.0,100.0
2016-05-09,24.9,24.9,24.3,24.3,672.0
2016-05-10,25.8,27.3,23.8,23.8,2841.0
2016-05-11,27.5,28.1,25.3,25.3,3893.0
2016-05-12,28.6,28.6,27.4,27.5,2790.0
2016-05-13,28.0,28.2,27.3,28.2,1513.0
2016-05-16,27.1,27.5,27.1,27.5,54.0
2016-05-17,28.0,28.0,27.6,27.6,56.0
2016-05-18,28.8,29.5,28.5,28.5,1260.0
2016-05-19,28.6,28.6,28.6,28.6,225.0
2016-05-20,27.2,28.6,27.2,28.6,934.0
2016-05-23,27.2,27.2,27.2,27.2,100.0
2016-05-24,26.5,27.2,26.5,27.2,435.0
2016-05-25,26.0,27.0,24.7,25.7,1177.0
2016-05-26,26.0,26.0,24.6,24.6,840.0
2016-05-27,27.0,28.5,26.0,26.0,2086.0
2016-05-30,27.6,28.9,27.5,28.9,1400.0
2016-05-31,30.0,31.0,25.5,25.5,6790.0
2016-06-01,30.6,31.0,30.0,30.0,4264.0
2016-06-02,30.1,31.1,30.0,30.0,1512.0
2016-06-03,31.8,32.5,30.0,30.0,10055.0
2016-06-07,32.0,32.0,31.8,31.8,2193.0
2016-06-08,30.7,31.1,30.7,31.1,874.0
2016-06-09,29.1,29.4,28.2,29.4,1368.0
2016-06-10,24.7,28.5,24.7,28.0,19403.0
2016-06-13,23.0,24.7,22.8,24.7,442.0
2016-06-14,22.5,23.0,22.5,23.0,700.0
2016-06-15,24.5,25.1,22.7,22.7,10610.0
2016-06-16,21.7,23.5,21.6,23.5,7202.0
2016-06-17,22.2,22.2,20.3,21.5,4372.0
2016-06-20,23.1,23.1,22.2,22.2,1248.0
2016-06-21,22.0,22.4,21.5,22.4,4389.0
2016-06-22,21.8,24.5,21.0,24.5,1015.0
2016-06-23,20.0,21.2,19.8,21.0,5238.0
2016-06-27,18.1,19.1,18.1,19.1,9636.0
2016-06-28,19.2,21.5,18.1,18.1,2452.0
2016-06-29,21.2,21.3,19.9,21.3,5855.0
2016-06-30,22.0,22.0,21.3,22.0,1073.0
2016-07-01,21.8,22.3,21.1,22.2,2731.0
2016-07-04,22.2,22.3,21.5,22.3,1713.0
2016-07-05,22.2,22.2,21.5,22.2,490.0
2016-07-06,21.1,22.1,20.9,22.1,3708.0
2016-07-07,21.3,21.3,20.5,20.5,340.0
2016-07-08,21.6,21.6,21.5,21.5,167.0
2016-07-11,21.8,21.8,21.2,21.8,1881.0
2016-07-12,21.6,22.0,21.3,22.0,2013.0
2016-07-13,21.3,21.3,21.1,21.1,2313.0
2016-07-14,22.0,22.0,21.5,21.5,797.0
2016-07-15,22.0,22.0,21.1,21.1,1255.0
2016-07-18,22.1,22.1,21.1,21.9,2638.0
2016-07-19,21.3,21.8,21.0,21.4,3020.0
2016-07-20,20.8,21.4,20.8,21.4,755.0
2016-07-21,20.1,21.1,20.1,21.1,2541.0
2016-07-22,23.0,23.0,19.1,20.2,8294.0
2016-07-25,21.0,23.0,20.7,23.0,2452.0
2016-07-26,21.3,21.3,21.3,21.3,6230.0
2016-07-27,22.1,22.1,21.6,21.6,7389.0
2016-07-28,22.0,22.8,22.0,22.0,533.0
2016-07-29,22.0,23.5,21.5,21.5,2473.0
2016-08-01,21.0,22.0,20.7,22.0,6279.0
2016-08-02,20.5,20.6,20.5,20.6,1872.0
2016-08-03,20.6,20.6,20.5,20.5,500.0
2016-08-04,21.4,21.4,20.2,20.2,29.0
2016-08-05,21.4,21.4,21.4,21.4,0.0
2016-08-08,21.5,21.5,20.9,21.4,784.0
2016-08-09,21.5,21.5,21.4,21.4,362.0
2016-08-10,21.7,21.7,20.9,20.9,1484.0
2016-08-11,22.3,22.6,22.3,22.6,500.0
2016-08-12,23.3,23.3,22.7,23.0,2762.0
2016-08-15,22.0,22.3,19.9,20.0,6419.0
2016-08-16,23.0,23.0,22.0,22.0,3011.0
2016-08-17,23.3,24.5,22.0,22.0,13172.0
2016-08-18,22.9,23.6,22.8,23.6,14720.0
2016-08-19,24.7,29.5,24.3,27.0,33006.0
2016-08-22,25.8,27.9,23.1,23.1,6183.0
2016-08-23,26.7,27.5,26.0,26.4,12064.0
2016-08-24,27.2,27.2,27.0,27.0,2406.0
2016-08-25,27.2,29.3,26.7,29.3,589.0
2016-08-26,26.8,28.0,26.6,27.3,11110.0
2016-08-29,26.7,29.2,26.5,27.4,1844.0
2016-08-30,27.8,28.5,26.5,26.5,7821.0
2016-08-31,26.9,26.9,26.9,26.9,500.0
2016-09-01,26.9,26.9,26.9,26.9,0.0
2016-09-02,26.0,27.0,26.0,26.0,562.0
2016-09-05,25.2,25.5,24.2,25.5,2570.0
2016-09-06,25.1,25.3,23.7,25.3,7429.0
2016-09-07,24.0,25.1,23.2,25.1,2633.0
2016-09-08,24.5,24.9,23.5,24.0,6120.0
2016-09-09,25.0,25.7,24.7,25.0,4966.0
2016-09-12,24.8,24.8,24.8,24.8,433.0
2016-09-13,23.9,24.4,23.3,24.4,1803.0
2016-09-14,23.3,23.7,23.2,23.2,1700.0
2016-09-15,23.3,23.3,23.3,23.3,1368.0
2016-09-16,23.4,23.7,22.7,23.7,3287.0
2016-09-19,22.8,23.2,22.5,23.2,1496.0
2016-09-20,22.3,23.0,22.2,23.0,475.0
2016-09-21,23.0,23.0,22.9,23.0,925.0
2016-09-22,23.3,23.3,22.5,22.6,598.0
2016-09-23,23.5,23.5,23.0,23.5,2710.0
2016-09-26,24.0,24.0,23.5,23.5,1704.0
2016-09-27,23.1,24.0,22.8,24.0,5518.0
2016-09-28,23.9,23.9,22.6,22.6,2381.0
2016-09-29,23.9,23.9,23.9,23.9,0.0
2016-09-30,23.3,23.7,22.1,23.0,4554.0
2016-10-03,23.1,35.5,22.6,23.6,9284.0
2016-10-04,24.1,24.1,23.2,23.6,3970.0
2016-10-05,23.7,24.2,23.2,23.7,5585.0
2016-10-06,23.9,23.9,23.5,23.5,5930.0
2016-10-07,24.0,24.0,23.9,23.9,1488.0
2016-10-10,23.2,23.9,23.2,23.9,1224.0
2016-10-11,23.3,23.3,23.3,23.3,167.0
2016-10-12,22.8,23.1,22.6,23.1,2553.0
2016-10-13,22.2,23.0,22.2,23.0,546.0
2016-10-14,22.9,24.0,21.1,22.2,6201.0
2016-10-17,22.4,22.7,21.4,22.3,3954.0
2016-10-18,22.2,23.0,22.2,23.0,726.0
2016-10-19,21.4,22.1,21.4,21.7,2092.0
2016-10-20,20.9,21.4,20.0,20.7,5093.0
2016-10-21,21.3,22.0,20.2,20.7,5748.0
2016-10-24,21.8,21.8,20.2,21.0,3635.0
2016-10-25,21.3,21.3,21.3,21.3,570.0
2016-10-26,20.3,20.8,20.3,20.8,1284.0
2016-10-27,19.9,20.4,19.9,20.4,2588.0
2016-10-28,21.0,21.0,20.3,20.3,2382.0
2016-10-31,20.7,21.2,20.7,21.1,1532.0
2016-11-01,21.3,21.3,21.0,21.1,1561.0
2016-11-02,20.4,21.2,20.0,21.2,6976.0
2016-11-03,19.8,20.3,19.1,19.8,6020.0
2016-11-04,17.1,20.5,16.0,19.8,18319.0
2016-11-07,15.4,17.0,15.4,17.0,4529.0
2016-11-08,17.0,17.4,15.9,15.9,8286.0
2016-11-09,16.2,16.7,15.5,15.5,3212.0
2016-11-10,16.0,16.7,16.0,16.7,2413.0
2016-11-11,15.8,16.1,15.0,16.1,7743.0
2016-11-14,16.0,16.5,16.0,16.1,3224.0
2016-11-15,15.9,15.9,15.7,15.7,550.0
2016-11-16,15.9,15.9,15.6,15.9,387.0
2016-11-17,16.2,16.2,15.4,15.6,3156.0
2016-11-18,16.5,16.5,15.7,15.7,1934.0
2016-11-21,16.9,17.1,16.2,16.5,1631.0
2016-11-22,16.9,16.9,16.3,16.3,600.0
2016-11-23,16.9,16.9,16.3,16.3,120.0
2016-11-24,17.0,17.0,16.8,16.9,1905.0
2016-11-25,17.7,18.7,17.0,17.0,8096.0
2016-11-28,17.0,17.8,17.0,17.8,1160.0
2016-11-29,17.0,17.0,17.0,17.0,0.0
2016-11-30,17.0,17.0,17.0,17.0,58.0
2016-12-01,16.9,17.0,16.6,17.0,183.0
2016-12-02,16.9,16.9,16.6,16.6,447.0
2016-12-05,15.5,16.5,15.5,16.3,1471.0
2016-12-06,16.0,16.9,15.5,16.0,4333.0
2016-12-07,15.7,16.3,15.7,16.2,1132.0
2016-12-08,15.3,16.0,14.4,16.0,7600.0
2016-12-09,15.7,17.0,14.7,14.7,7555.0
2016-12-12,15.2,15.7,15.2,15.5,8885.0
2016-12-13,15.8,15.8,15.8,15.8,50.0
2016-12-14,15.7,15.8,15.2,15.8,4014.0
2016-12-15,16.4,16.4,15.7,15.7,1408.0
2016-12-16,15.8,15.9,15.7,15.9,1834.0
2016-12-19,15.7,15.7,15.7,15.7,616.0
2016-12-20,15.8,15.9,15.8,15.9,1736.0
2016-12-21,16.3,16.3,15.9,16.0,1181.0
2016-12-22,18.3,18.3,16.7,16.7,6154.0
2016-12-23,17.1,17.7,17.1,17.5,2528.0
2016-12-27,17.5,17.5,16.9,17.3,1481.0
2016-12-28,17.0,17.5,16.8,17.5,3578.0
2016-12-29,17.0,17.0,17.0,17.0,0.0
2016-12-30,16.9,16.9,16.9,16.9,6.0
2017-01-02,16.9,17.0,16.9,16.9,12094.0
2017-01-03,16.4,16.9,15.7,16.9,5582.0
2017-01-04,16.2,16.2,15.6,16.1,13944.0
2017-01-05,16.2,16.2,16.2,16.2,0.0
2017-01-09,16.1,16.1,16.1,16.1,6.0
2017-01-10,17.0,17.0,16.2,16.2,1180.0
2017-01-11,16.6,17.2,16.6,17.0,1020.0
2017-01-12,17.2,17.2,16.6,16.6,6107.0
2017-01-13,17.0,17.6,17.0,17.2,2620.0
2017-01-16,17.0,17.7,17.0,17.0,256.0
2017-01-17,17.7,17.7,17.0,17.0,3012.0
2017-01-18,17.6,17.8,17.5,17.5,3699.0
2017-01-19,17.6,17.6,17.6,17.6,0.0
2017-01-20,17.9,17.9,17.6,17.6,1086.0
2017-01-23,18.2,19.6,17.6,17.9,10792.0
2017-01-24,19.0,19.2,18.1,18.6,10631.0
2017-01-25,19.4,19.7,19.0,19.0,2937.0
2017-01-26,20.0,20.0,19.8,19.8,2933.0
2017-01-27,21.9,23.0,20.0,20.0,17063.0
2017-01-30,23.0,23.0,22.4,22.8,10672.0
2017-01-31,22.5,24.0,22.5,24.0,6169.0
2017-02-01,22.5,22.8,22.5,22.8,49.0
2017-02-02,20.7,22.7,20.4,22.7,5205.0
2017-02-03,21.5,21.5,20.7,20.7,809.0
2017-02-06,21.2,21.5,21.2,21.5,1433.0
2017-02-07,20.6,21.4,20.5,21.4,5375.0
2017-02-08,21.5,21.5,21.4,21.4,1977.0
2017-02-09,22.2,22.2,22.2,22.2,130.0
2017-02-10,21.7,22.0,21.4,22.0,1403.0
2017-02-13,21.4,22.9,21.4,22.2,5678.0
2017-02-14,19.0,21.4,19.0,21.4,14093.0
2017-02-15,19.5,20.0,19.0,19.4,4308.0
2017-02-16,19.3,19.5,19.0,19.5,12537.0
2017-02-17,19.4,20.0,19.4,20.0,62.0
2017-02-20,20.0,20.0,19.3,19.5,7968.0
2017-02-21,20.7,21.5,20.0,20.0,15502.0
2017-02-22,21.3,21.8,20.7,20.7,7936.0
2017-02-23,20.5,21.7,20.5,21.0,7886.0
2017-02-24,20.6,22.0,20.6,21.0,7022.0
2017-02-27,21.0,21.4,20.7,20.9,4632.0
2017-02-28,20.3,21.0,19.5,21.0,8212.0
2017-03-01,19.5,20.1,19.5,20.1,142.0
2017-03-02,18.9,19.5,18.5,19.5,5410.0
2017-03-03,21.2,24.0,19.0,19.0,20164.0
2017-03-06,21.2,21.5,21.2,21.3,4943.0
2017-03-07,21.4,21.8,21.4,21.4,403.0
2017-03-08,20.3,21.8,20.3,21.8,1741.0
2017-03-09,21.2,21.2,20.3,20.3,453.0
2017-03-10,20.7,20.7,20.6,20.6,613.0
2017-03-13,20.7,20.7,20.7,20.7,10.0
2017-03-14,20.5,21.3,20.5,21.3,4465.0
2017-03-15,20.2,20.5,20.2,20.5,1520.0
2017-03-16,20.1,20.8,20.1,20.2,1039.0
2017-03-17,20.0,20.0,18.7,20.0,5628.0
2017-03-20,20.2,20.2,19.8,20.0,1804.0
2017-03-21,19.9,20.3,19.0,20.2,6541.0
2017-03-22,19.0,20.5,18.7,20.3,10995.0
2017-03-23,19.3,19.3,18.7,19.2,6893.0
2017-03-24,19.4,19.8,18.4,18.8,9030.0
2017-03-27,19.9,20.0,19.9,20.0,110.0
2017-03-28,19.8,20.1,19.4,19.9,3928.0
2017-03-29,19.6,19.6,19.4,19.5,2127.0
2017-03-30,19.3,19.7,19.3,19.7,3987.0
2017-03-31,20.0,20.0,19.5,19.5,1390.0
2017-04-03,20.2,20.2,20.2,20.2,241.0
2017-04-04,20.2,20.2,20.2,20.2,10.0
2017-04-05,19.6,20.2,19.6,20.2,1275.0
2017-04-06,19.3,20.0,19.0,19.0,1269.0
2017-04-07,20.0,20.0,20.0,20.0,110.0
2017-04-10,19.6,20.0,19.2,20.0,1917.0
2017-04-11,20.3,20.3,19.6,19.6,843.0
2017-04-12,19.5,20.3,19.5,20.3,188.0
2017-04-13,19.5,19.5,19.5,19.5,0.0
2017-04-18,19.4,19.6,19.4,19.5,1807.0
2017-04-19,19.3,20.1,19.3,20.1,916.0
2017-04-20,19.6,19.6,19.6,19.6,333.0
2017-04-21,18.3,19.3,18.3,19.0,3210.0
2017-04-24,19.6,19.6,18.5,18.5,2491.0
2017-04-25,19.9,19.9,19.6,19.6,670.0
2017-04-26,19.9,19.9,19.2,19.9,3158.0
2017-04-27,19.9,19.9,19.2,19.2,30.0
2017-04-28,18.4,19.2,17.5,19.2,30981.0
2017-05-02,25.0,29.0,20.0,20.0,108318.0
2017-05-03,23.4,26.5,22.8,25.0,38457.0
2017-05-04,26.0,26.4,23.2,23.2,15409.0
2017-05-05,28.0,28.5,25.4,25.4,28867.0
2017-05-08,29.5,30.0,28.3,28.3,23156.0
2017-05-09,29.3,29.4,28.7,29.0,11405.0
2017-05-10,29.7,30.1,29.5,29.7,25702.0
2017-05-11,31.0,32.0,29.5,30.0,10602.0
2017-05-12,31.9,31.9,30.1,31.0,26652.0
2017-05-15,29.5,31.8,27.3,30.9,36609.0
2017-05-16,27.0,29.0,26.0,28.9,19589.0
2017-05-17,26.4,27.2,26.3,27.2,7907.0
2017-05-18,22.8,26.2,22.5,26.2,39918.0
2017-05-19,23.8,24.4,22.8,22.8,9661.0
2017-05-22,23.9,24.3,23.9,24.0,7131.0
2017-05-23,22.9,24.5,22.5,24.5,9861.0
2017-05-24,23.1,24.0,22.5,22.8,5275.0
2017-05-26,23.2,23.3,22.6,23.1,950.0
2017-05-29,24.0,24.1,23.5,23.5,4189.0
2017-05-30,24.3,24.4,24.0,24.0,155.0
2017-05-31,26.7,26.7,23.7,24.4,15537.0
2017-06-01,26.9,27.4,26.5,26.5,3731.0
2017-06-02,26.8,29.8,26.0,27.5,13648.0
2017-06-05,27.0,27.9,27.0,27.9,914.0
2017-06-06,27.0,27.0,27.0,27.0,0.0
2017-06-07,28.0,28.0,27.0,27.5,2155.0
2017-06-08,27.0,28.7,27.0,28.0,7036.0
2017-06-09,27.5,27.5,26.2,27.0,2600.0
2017-06-12,26.4,27.9,24.5,27.5,2996.0
2017-06-13,25.9,26.0,25.2,26.0,2205.0
2017-06-14,25.0,26.0,24.2,26.0,4859.0
2017-06-15,24.3,24.5,23.5,24.5,1802.0
2017-06-16,24.4,25.0,24.0,24.4,2010.0
2017-06-19,23.9,24.0,23.1,23.2,8375.0
2017-06-20,23.7,24.3,23.4,24.3,1115.0
2017-06-21,23.7,23.7,23.0,23.4,1400.0
2017-06-22,22.9,23.6,22.9,23.0,2308.0
2017-06-23,22.9,22.9,22.9,22.9,0.0
2017-06-26,23.2,23.3,22.9,23.3,600.0
2017-06-27,23.5,23.5,22.9,22.9,3080.0
2017-06-28,22.9,22.9,22.0,22.7,8604.0
2017-06-29,23.0,23.2,23.0,23.2,5146.0
2017-06-30,24.6,25.1,24.0,24.0,6140.0
2017-07-03,25.9,27.5,25.0,25.0,1900.0
2017-07-04,25.9,25.9,25.9,25.9,19.0
2017-07-05,25.9,26.0,25.9,26.0,120.0
2017-07-06,25.9,25.9,25.9,25.9,100.0
2017-07-07,24.7,25.8,24.5,25.0,1161.0
2017-07-10,23.0,24.7,22.9,24.7,7002.0
2017-07-11,22.8,23.0,21.2,22.6,18770.0
2017-07-12,24.2,24.2,23.0,23.0,2209.0
2017-07-13,24.4,24.4,23.6,23.6,178.0
2017-07-14,24.4,24.4,24.4,24.4,0.0
2017-07-17,24.4,24.4,23.7,24.3,3130.0
2017-07-18,25.0,26.0,24.2,25.0,2177.0
2017-07-19,25.4,25.4,25.0,25.0,1260.0
2017-07-20,25.5,25.5,25.5,25.5,100.0
2017-07-21,25.3,25.3,24.7,24.7,670.0
2017-07-24,25.2,25.3,25.0,25.3,350.0
2017-07-25,28.9,28.9,25.2,25.3,1374.0
2017-07-26,25.8,27.0,25.0,27.0,1811.0
2017-07-27,25.8,25.8,25.8,25.8,0.0
2017-07-28,25.7,25.7,25.7,25.7,200.0
2017-07-31,25.6,25.7,25.0,25.1,465.0
2017-08-01,24.3,25.1,22.0,25.1,13031.0
2017-08-02,24.4,24.4,24.3,24.3,110.0
2017-08-03,23.8,24.0,23.5,24.0,1320.0
2017-08-04,23.8,23.8,23.4,23.8,1181.0
2017-08-07,23.9,23.9,23.8,23.8,998.0
2017-08-08,24.0,24.0,23.9,23.9,200.0
2017-08-09,23.5,23.9,23.5,23.5,219.0
2017-08-10,24.0,24.0,24.0,24.0,100.0
2017-08-11,23.4,23.4,23.1,23.1,300.0
2017-08-14,23.3,23.3,22.6,22.6,1284.0
2017-08-15,23.5,23.5,23.5,23.5,100.0
2017-08-16,23.4,23.5,22.6,23.5,266.0
2017-08-17,26.4,26.4,23.0,23.0,8526.0
2017-08-18,23.8,26.4,22.0,26.4,15498.0
2017-08-21,22.5,23.0,21.5,23.0,2952.0
2017-08-22,22.0,22.0,21.6,21.6,282.0
2017-08-23,23.8,23.9,21.6,22.5,3566.0
2017-08-24,23.8,23.8,23.8,23.8,0.0
2017-08-25,22.5,22.5,21.6,22.0,3236.0
2017-08-28,22.3,22.3,22.2,22.2,2500.0
2017-08-29,21.0,22.0,21.0,22.0,13246.0
2017-08-30,21.6,21.6,21.0,21.0,390.0
2017-08-31,22.0,22.0,21.7,21.7,1451.0
2017-09-01,21.5,22.5,21.1,22.5,5745.0
2017-09-04,20.0,21.0,20.0,21.0,9088.0
2017-09-05,20.0,20.5,20.0,20.1,8470.0
2017-09-06,20.0,20.0,20.0,20.0,330.0
2017-09-07,20.4,20.4,20.0,20.1,2557.0
2017-09-08,20.7,20.7,20.4,20.4,3450.0
2017-09-11,20.7,20.7,20.7,20.7,0.0
2017-09-12,21.8,22.0,20.7,21.0,2498.0
2017-09-13,21.2,21.9,21.2,21.8,735.0
2017-09-14,21.6,21.6,21.2,21.2,561.0
2017-09-15,21.0,21.0,21.0,21.0,30.0
2017-09-18,21.0,21.0,21.0,21.0,340.0
2017-09-19,21.0,21.0,21.0,21.0,0.0
2017-09-20,21.5,21.5,21.0,21.0,800.0
2017-09-21,21.5,21.5,21.5,21.5,0.0
2017-09-22,21.5,21.5,21.5,21.5,250.0
2017-09-25,21.5,21.5,21.5,21.5,0.0
2017-09-26,21.5,21.5,21.5,21.5,0.0
2017-09-27,21.0,21.0,21.0,21.0,1300.0
2017-09-28,21.0,21.0,20.7,21.0,704.0
2017-09-29,20.5,20.5,20.5,20.5,1722.0
2017-10-02,19.6,20.5,19.0,20.3,13049.0
2017-10-03,19.2,19.2,18.9,19.1,2479.0
2017-10-04,19.0,19.5,19.0,19.2,9571.0
2017-10-05,20.0,20.1,19.5,19.5,1622.0
2017-10-06,19.8,19.8,19.4,19.4,650.0
2017-10-09,19.1,19.1,19.0,19.0,3180.0
2017-10-10,19.4,19.4,19.1,19.1,200.0
2017-10-11,19.7,19.7,19.5,19.5,1200.0
2017-10-12,19.8,19.8,19.8,19.8,470.0
2017-10-13,20.0,20.0,18.9,19.1,5665.0
2017-10-16,18.5,19.0,18.1,19.0,4433.0
2017-10-17,17.0,18.3,17.0,18.3,3692.0
2017-10-18,18.7,19.0,17.3,17.5,10747.0
2017-10-19,19.1,19.1,18.0,18.0,2017.0
2017-10-20,19.1,19.1,19.1,19.1,0.0
2017-10-23,19.1,19.1,17.4,18.5,7909.0
2017-10-24,18.3,18.4,17.8,18.4,1496.0
2017-10-25,18.2,18.2,17.0,17.6,8899.0
2017-10-26,18.2,18.2,18.2,18.2,0.0
2017-10-27,17.8,17.8,17.3,17.5,5526.0
2017-10-30,17.6,17.6,17.2,17.5,1658.0
2017-10-31,17.4,17.5,17.0,17.5,2589.0
2017-11-01,17.2,17.4,17.2,17.4,2100.0
2017-11-02,17.2,17.2,17.2,17.2,0.0
2017-11-03,16.6,17.0,16.1,17.0,11142.0
2017-11-06,16.5,16.7,16.0,16.2,3537.0
2017-11-07,16.5,16.5,16.5,16.5,830.0
2017-11-08,16.4,16.4,16.0,16.0,3085.0
2017-11-09,16.4,16.4,16.4,16.4,2135.0
2017-11-10,15.7,16.5,15.7,16.5,11362.0
2017-11-13,16.1,16.1,15.7,15.8,2804.0
2017-11-14,16.1,16.1,16.1,16.1,15.0
2017-11-15,16.1,16.1,16.1,16.1,0.0
2017-11-16,16.1,16.1,16.1,16.1,0.0
2017-11-17,15.6,16.0,15.5,16.0,4427.0
2017-11-20,15.1,15.2,15.1,15.2,2098.0
2017-11-21,15.1,15.1,15.1,15.1,0.0
2017-11-22,15.1,15.1,15.1,15.1,0.0
2017-11-23,15.0,15.0,15.0,15.0,228.0
2017-11-24,16.4,16.4,16.0,16.0,1934.0
2017-11-27,15.7,16.0,15.4,16.0,16402.0
2017-11-28,15.5,15.5,15.5,15.5,360.0
2017-11-29,15.5,15.5,15.5,15.5,0.0
2017-11-30,15.5,15.5,15.5,15.5,0.0
2017-12-01,15.8,15.8,15.2,15.2,901.0
2017-12-04,15.5,15.6,15.5,15.6,958.0
2017-12-05,15.5,15.5,15.5,15.5,0.0
2017-12-06,15.5,15.5,15.5,15.5,0.0
2017-12-07,15.3,15.6,15.3,15.6,1481.0
2017-12-08,14.9,14.95,14.85,14.95,5310.0
2017-12-11,14.8,14.8,14.8,14.8,1592.0
2017-12-12,14.65,15.0,14.4,14.4,2106.0
2017-12-13,14.55,14.65,14.0,14.4,3877.0
2017-12-14,14.4,14.4,14.4,14.4,1042.0
2017-12-15,14.4,14.4,14.4,14.4,0.0
2017-12-18,13.85,14.2,13.65,14.2,2881.0
2017-12-19,13.85,13.85,13.85,13.85,0.0
2017-12-20,19.0,19.0,13.5,13.65,6106.0
2017-12-21,17.0,20.0,17.0,19.5,5125.0
2017-12-22,17.4,17.5,16.9,17.5,660.0
2017-12-27,16.9,16.9,16.9,16.9,979.0
2017-12-28,16.8,16.9,16.8,16.9,1487.0
2017-12-29,16.8,16.8,16.8,16.8,0.0
2018-01-02,17.0,17.0,17.0,17.0,10.0
2018-01-03,16.55,16.55,16.0,16.35,1985.0
2018-01-04,17.0,17.0,16.0,16.6,2443.0
2018-01-05,16.55,16.55,16.05,16.05,598.0
2018-01-08,16.5,16.5,16.0,16.0,306.0
2018-01-09,17.0,17.0,16.0,16.0,2324.0
2018-01-10,17.0,17.0,17.0,17.0,0.0
2018-01-11,16.5,16.5,16.5,16.5,905.0
2018-01-12,16.5,16.5,16.5,16.5,0.0
2018-01-15,16.15,16.15,15.8,16.1,693.0
2018-01-16,16.15,16.15,15.6,15.6,156.0
2018-01-17,15.75,15.75,15.4,15.6,500.0
2018-01-18,15.75,15.75,15.75,15.75,0.0
2018-01-19,15.2,15.75,15.2,15.75,340.0
2018-01-22,16.5,16.5,15.2,15.2,3085.0
2018-01-23,15.9,15.9,15.9,15.9,944.0
2018-01-24,16.1,16.1,16.05,16.05,150.0
2018-01-25,15.6,15.6,15.2,15.5,541.0
2018-01-26,17.0,17.0,15.6,15.6,1000.0
2018-01-29,17.0,17.0,17.0,17.0,0.0
2018-01-30,15.4,15.45,15.4,15.45,450.0
2018-01-31,15.0,16.0,15.0,16.0,2045.0
2018-02-01,15.0,15.0,15.0,15.0,0.0
2018-02-02,15.0,15.0,15.0,15.0,2170.0
2018-02-05,14.25,14.75,14.25,14.75,7424.0
2018-02-06,14.0,14.0,13.5,13.5,1996.0
2018-02-07,14.0,14.0,14.0,14.0,1119.0
2018-02-08,15.2,15.2,14.0,14.0,2822.0
2018-02-09,15.55,15.55,15.2,15.2,1187.0
2018-02-12,15.55,15.55,15.55,15.55,0.0
2018-02-13,15.55,15.55,15.55,15.55,0.0
2018-02-14,15.15,15.15,15.0,15.05,1600.0
2018-02-15,15.15,15.15,15.15,15.15,0.0
2018-02-16,15.2,15.2,14.65,14.65,225.0
2018-02-19,14.65,14.7,14.65,14.7,1544.0
2018-02-20,14.7,14.7,14.7,14.7,1021.0
2018-02-21,14.6,15.15,14.6,15.15,219.0
2018-02-22,14.45,14.6,14.45,14.6,2100.0
2018-02-23,14.45,14.45,14.45,14.45,0.0
2018-02-26,14.25,14.25,14.25,14.25,1500.0
2018-02-27,15.6,15.9,15.0,15.0,4232.0
2018-02-28,15.5,15.5,14.95,15.0,8505.0
2018-03-01,15.3,15.3,15.3,15.3,900.0
2018-03-02,15.0,15.0,15.0,15.0,900.0
2018-03-05,15.0,15.0,15.0,15.0,0.0
2018-03-06,15.0,15.0,15.0,15.0,0.0
2018-03-07,15.0,15.0,15.0,15.0,0.0
2018-03-08,15.0,15.0,15.0,15.0,0.0
2018-03-09,14.6,14.6,14.6,14.6,51.0
2018-03-12,14.6,14.6,14.6,14.6,1000.0
2018-03-13,14.15,14.15,14.15,14.15,400.0
2018-03-14,14.15,14.15,14.15,14.15,0.0
2018-03-15,14.9,14.9,14.55,14.55,2000.0
2018-03-16,15.0,15.0,14.75,14.75,6570.0
2018-03-19,15.0,15.0,15.0,15.0,0.0
2018-03-20,15.0,15.0,15.0,15.0,0.0
2018-03-21,15.25,15.25,14.7,14.75,2534.0
2018-03-22,16.2,16.2,15.6,15.6,1000.0
2018-03-23,16.2,16.2,16.2,16.2,0.0
2018-03-26,16.0,16.0,15.0,15.65,4210.0
2018-03-27,16.0,16.0,16.0,16.0,0.0
2018-03-28,16.0,16.0,16.0,16.0,0.0
2018-03-29,16.0,16.0,16.0,16.0,0.0
2018-04-03,16.0,16.0,15.95,15.95,1532.0
2018-04-04,15.5,15.95,15.5,15.95,5021.0
2018-04-05,15.4,15.5,15.4,15.5,1223.0
2018-04-06,15.0,15.0,15.0,15.0,1000.0
2018-04-09,14.0,14.6,14.0,14.6,2300.0
2018-04-10,14.0,14.0,14.0,14.0,190.0
2018-04-11,14.0,14.0,14.0,14.0,0.0
2018-04-12,14.0,14.0,14.0,14.0,0.0
2018-04-13,14.3,14.3,14.3,14.3,1001.0
2018-04-16,14.3,14.3,14.3,14.3,0.0
2018-04-17,14.3,14.3,14.3,14.3,0.0
2018-04-18,14.3,14.3,14.3,14.3,0.0
2018-04-19,13.0,13.05,11.65,12.25,1171.0
2018-04-20,13.0,13.0,13.0,13.0,0.0
2018-04-23,13.1,13.15,13.1,13.15,3300.0
2018-04-24,13.1,13.1,13.1,13.1,0.0
2018-04-25,13.0,13.0,12.95,12.95,4788.0
2018-04-26,13.0,13.0,13.0,13.0,0.0
2018-04-27,13.0,13.0,13.0,13.0,0.0
2018-04-30,13.15,13.15,13.15,13.15,180.0
2018-05-02,13.15,13.15,13.15,13.15,0.0
2018-05-03,13.2,13.2,13.0,13.0,2617.0
2018-05-04,13.6,13.6,13.0,13.0,4408.0
2018-05-07,13.6,13.6,13.6,13.6,0.0
2018-05-08,13.6,13.6,13.6,13.6,0.0
2018-05-09,13.6,13.6,13.6,13.6,0.0
2018-05-11,14.1,14.85,13.6,13.6,2071.0
2018-05-14,14.1,14.1,14.1,14.1,0.0
2018-05-15,14.1,14.1,14.1,14.1,0.0
2018-05-16,13.0,13.6,13.0,13.6,13700.0
2018-05-17,13.0,13.0,13.0,13.0,0.0
2018-05-18,13.35,13.35,13.35,13.35,125.0
2018-05-21,13.35,13.35,13.35,13.35,0.0
2018-05-22,13.35,13.35,13.35,13.35,0.0
2018-05-23,13.2,13.2,13.0,13.0,405.0
2018-05-24,13.2,13.2,13.2,13.2,0.0
2018-05-25,13.2,13.2,13.2,13.2,0.0
2018-05-28,12.55,13.0,12.55,13.0,1706.0
2018-05-29,12.55,12.55,12.55,12.55,0.0
2018-05-30,12.5,12.5,12.5,12.5,125.0
2018-05-31,12.75,12.75,12.75,12.75,300.0
2018-06-01,12.5,12.75,12.5,12.75,2755.0
2018-06-04,12.5,12.5,12.5,12.5,0.0
2018-06-05,12.5,12.5,12.5,12.5,0.0
2018-06-06,12.5,12.5,12.5,12.5,0.0
2018-06-07,12.4,12.4,12.0,12.0,4348.0
2018-06-08,12.0,12.0,12.0,12.0,300.0
2018-06-11,12.0,12.0,12.0,12.0,0.0
2018-06-12,12.0,12.0,12.0,12.0,1250.0
2018-06-13,10.6,11.6,10.4,11.6,14893.0
2018-06-14,11.0,12.0,11.0,12.0,3396.0
2018-06-15,10.6,10.6,10.4,10.6,2435.0
2018-06-18,10.4,10.55,10.4,10.55,500.0
2018-06-19,10.4,10.4,10.4,10.4,0.0
2018-06-20,10.0,10.2,10.0,10.2,2016.0
2018-06-21,10.0,10.0,10.0,10.0,0.0
2018-06-22,10.0,10.0,10.0,10.0,0.0
2018-06-25,9.72,9.74,9.72,9.74,1551.0
2018-06-26,9.72,9.72,9.72,9.72,0.0
2018-06-27,9.72,9.72,9.72,9.72,0.0
2018-06-28,9.72,9.72,9.72,9.72,0.0
2018-06-29,9.76,9.76,9.74,9.74,2266.0
2018-07-02,10.05,10.05,9.62,9.62,4199.0
2018-07-03,10.05,10.05,10.05,10.05,0.0
2018-07-04,10.05,10.05,10.05,10.05,0.0
2018-07-05,10.05,10.05,9.64,9.66,8247.0
2018-07-06,10.05,10.05,10.05,10.05,0.0
2018-07-09,10.5,10.5,10.3,10.3,1000.0
2018-07-10,10.5,10.5,10.5,10.5,0.0
2018-07-11,10.5,10.5,10.5,10.5,0.0
2018-07-12,10.5,10.5,10.5,10.5,0.0
2018-07-13,10.0,10.0,10.0,10.0,502.0
2018-07-16,10.0,10.0,10.0,10.0,0.0
2018-07-17,10.0,10.0,10.0,10.0,305.0
2018-07-18,10.0,10.0,10.0,10.0,0.0
2018-07-19,10.0,10.0,10.0,10.0,0.0
2018-07-20,10.0,10.0,10.0,10.0,1000.0
2018-07-23,10.0,10.0,10.0,10.0,0.0
2018-07-24,10.0,10.0,10.0,10.0,0.0
2018-07-25,10.2,10.2,10.2,10.2,23.0
2018-07-26,10.2,10.2,10.2,10.2,0.0
2018-07-27,10.2,10.2,10.2,10.2,1471.0
2018-07-30,10.2,10.2,10.2,10.2,0.0
2018-07-31,10.8,10.8,10.5,10.5,3729.0
2018-08-01,10.8,10.8,10.8,10.8,0.0
2018-08-02,10.35,10.8,10.35,10.7,5578.0
2018-08-03,10.35,10.35,10.35,10.35,0.0
2018-08-06,10.2,10.4,10.0,10.35,13227.0
2018-08-07,10.0,10.05,10.0,10.05,1866.0
2018-08-08,9.72,10.05,9.72,9.98,9773.0
2018-08-09,9.72,9.72,9.72,9.72,1500.0
2018-08-10,9.48,9.48,9.44,9.44,2500.0
2018-08-13,9.06,9.16,9.06,9.16,879.0
2018-08-14,9.06,9.06,9.06,9.06,0.0
2018-08-15,9.04,9.06,9.04,9.06,2000.0
2018-08-16,9.18,9.18,9.0,9.0,5600.0
2018-08-17,9.2,9.2,9.2,9.2,1805.0
2018-08-20,9.44,9.44,9.44,9.44,1600.0
2018-08-21,9.44,9.44,9.44,9.44,125.0
2018-08-22,9.44,9.44,9.44,9.44,20.0
2018-08-23,9.44,9.44,9.44,9.44,0.0
2018-08-24,9.1,9.1,9.1,9.1,1600.0
2018-08-27,9.4,9.4,9.4,9.4,100.0
2018-08-28,9.4,9.4,9.4,9.4,0.0
2018-08-29,9.14,9.26,8.8,9.14,10718.0
2018-08-30,8.7,9.02,8.7,9.02,11200.0
2018-08-31,8.32,8.4,8.22,8.4,3171.0
2018-09-03,8.32,8.32,8.32,8.32,0.0
2018-09-04,8.32,8.32,8.32,8.32,0.0
2018-09-05,8.3,8.3,8.3,8.3,500.0
2018-09-06,8.3,8.3,8.3,8.3,0.0
2018-09-07,8.0,8.02,8.0,8.02,2533.0
2018-09-10,7.94,8.0,7.94,8.0,2800.0
2018-09-11,7.66,7.68,7.66,7.68,1089.0
2018-09-12,7.66,7.66,7.66,7.66,0.0
2018-09-13,7.66,7.66,7.66,7.66,0.0
2018-09-14,8.0,8.0,7.6,7.6,7235.0
2018-09-17,8.5,8.5,8.0,8.0,3665.0
2018-09-18,8.52,8.52,8.52,8.52,1173.0
2018-09-19,8.6,8.6,8.5,8.5,2250.0
2018-09-20,8.6,8.6,8.6,8.6,0.0
2018-09-21,8.6,8.6,8.6,8.6,10.0
2018-09-24,8.6,8.6,8.6,8.6,0.0
2018-09-25,8.82,8.82,8.52,8.52,3492.0
2018-09-26,8.82,8.82,8.82,8.82,500.0
2018-09-27,9.28,9.28,8.82,8.82,7566.0
2018-09-28,10.0,10.0,9.3,9.44,6923.0
2018-10-01,9.62,10.0,9.62,10.0,1800.0
2018-10-02,9.0,9.34,9.0,9.34,3000.0
2018-10-03,9.1,9.1,9.1,9.1,500.0
2018-10-04,9.1,9.1,9.0,9.0,600.0
2018-10-05,9.68,9.68,9.1,9.1,3622.0
2018-10-08,9.82,10.0,9.68,9.68,3450.0
2018-10-09,10.2,10.2,10.0,10.0,2700.0
2018-10-10,10.5,10.5,10.2,10.2,4404.0
2018-10-11,10.4,10.4,10.4,10.4,1400.0
2018-10-12,10.4,10.4,10.4,10.4,500.0
2018-10-15,10.4,10.4,10.4,10.4,200.0
2018-10-16,10.4,10.4,10.4,10.4,1743.0
2018-10-17,11.2,11.2,10.8,10.8,1907.0
2018-10-18,11.45,11.45,11.45,11.45,1836.0
2018-10-19,11.45,11.9,11.45,11.9,600.0
2018-10-22,11.9,11.9,11.9,11.9,200.0
2018-10-23,11.9,11.9,11.9,11.9,500.0
2018-10-24,12.0,12.0,12.0,12.0,200.0
2018-10-25,11.85,12.0,11.6,11.6,2051.0
2018-10-26,11.3,11.6,11.3,11.6,3387.0
2018-10-29,11.0,11.0,11.0,11.0,1300.0
2018-10-30,11.0,11.0,11.0,11.0,0.0
2018-10-31,10.7,10.7,10.7,10.7,1400.0
2018-11-01,9.76,10.45,9.72,10.45,7350.0
2018-11-02,9.5,9.5,9.5,9.5,25.0
2018-11-05,9.76,9.76,9.5,9.5,352.0
2018-11-06,9.76,9.76,9.76,9.76,0.0
2018-11-07,9.76,9.76,9.76,9.76,0.0
2018-11-08,9.5,10.0,9.5,9.76,5784.0
2018-11-09,9.34,9.68,9.0,9.68,4795.0
2018-11-12,9.34,9.34,9.34,9.34,1000.0
2018-11-13,9.34,9.34,9.34,9.34,500.0
2018-11-14,9.34,9.34,9.2,9.34,1381.0
2018-11-15,9.36,9.36,9.2,9.2,440.0
2018-11-16,9.5,9.5,9.36,9.36,2200.0
2018-11-19,9.6,9.6,9.6,9.6,500.0
2018-11-20,9.52,9.68,9.52,9.68,1000.0
2018-11-21,9.86,9.86,9.86,9.86,200.0
2018-11-22,9.5,9.84,9.5,9.84,5231.0
2018-11-23,9.82,9.82,9.82,9.82,200.0
2018-11-26,9.86,9.86,9.86,9.86,200.0
2018-11-27,9.24,9.88,9.24,9.88,5424.0
2018-11-28,9.36,9.36,9.36,9.36,200.0
2018-11-29,9.34,9.34,9.2,9.34,900.0
2018-11-30,9.0,9.0,9.0,9.0,1600.0
2018-12-03,9.02,9.02,9.02,9.02,200.0
2018-12-04,9.02,9.02,9.02,9.02,200.0
2018-12-05,9.02,9.02,9.02,9.02,0.0
2018-12-06,8.72,8.72,8.72,8.72,633.0
2018-12-07,9.04,9.04,8.72,8.72,300.0
2018-12-10,9.04,9.04,9.04,9.04,0.0
2018-12-11,8.48,8.72,8.48,8.72,2980.0
2018-12-12,8.0,8.32,8.0,8.32,3543.0
2018-12-13,8.0,8.0,8.0,8.0,0.0
2018-12-14,8.0,8.0,8.0,8.0,0.0
2018-12-17,8.1,8.1,8.1,8.1,48.0
2018-12-18,8.1,8.1,8.1,8.1,0.0
2018-12-19,8.1,8.1,8.1,8.1,0.0
2018-12-20,7.84,8.14,7.84,8.1,1388.0
2018-12-21,7.84,7.84,7.84,7.84,0.0
2018-12-27,7.28,7.76,7.28,7.76,5226.0
2018-12-28,7.58,7.58,6.8,7.4,6777.0
2019-01-02,7.64,7.64,7.62,7.62,1500.0
2019-01-03,7.16,7.38,7.16,7.38,6090.0
2019-01-04,6.92,6.94,6.92,6.94,4505.0
2019-01-07,6.94,6.94,6.92,6.92,2000.0
2019-01-08,7.08,7.08,7.08,7.08,140.0
2019-01-09,7.08,7.08,7.08,7.08,0.0
2019-01-10,10.0,10.5,7.08,7.08,56870.0
2019-01-11,8.96,10.5,8.96,10.5,22529.0
2019-01-14,8.9,9.5,8.88,9.46,10687.0
2019-01-15,8.66,8.66,8.66,8.66,1667.0
2019-01-16,8.48,8.48,8.42,8.42,1950.0
2019-01-17,8.48,8.48,8.48,8.48,0.0
2019-01-18,8.46,8.48,8.46,8.48,438.0
2019-01-21,8.0,8.2,8.0,8.2,10000.0
2019-01-22,7.48,8.0,7.1,8.0,11200.0
2019-01-23,7.42,7.48,7.2,7.48,2150.0
2019-01-24,7.44,7.44,7.44,7.44,200.0
2019-01-25,7.5,7.5,7.44,7.5,3877.0
2019-01-28,7.6,7.6,7.6,7.6,545.0
2019-01-29,7.68,7.68,7.68,7.68,200.0
2019-01-30,7.62,7.8,7.62,7.68,3700.0
2019-01-31,7.7,7.92,7.7,7.92,877.0
2019-02-01,7.9,7.9,7.7,7.7,558.0
2019-02-04,7.9,7.92,7.9,7.92,106.0
2019-02-05,7.5,7.8,7.4,7.72,8770.0
2019-02-06,7.4,7.4,7.4,7.4,90.0
2019-02-07,7.4,7.4,7.4,7.4,0.0
2019-02-08,7.3,7.3,7.3,7.3,2000.0
2019-02-11,7.3,7.3,7.3,7.3,0.0
2019-02-12,7.3,7.3,7.3,7.3,0.0
2019-02-13,7.3,7.3,7.3,7.3,0.0
2019-02-14,7.3,7.3,7.3,7.3,0.0
2019-02-15,7.24,7.36,7.24,7.36,881.0
2019-02-18,7.1,7.26,7.1,7.26,3400.0
2019-02-19,7.1,7.12,7.1,7.12,2300.0
2019-02-20,7.1,7.1,7.1,7.1,0.0
2019-02-21,6.9,6.9,6.9,6.9,19082.0
2019-02-22,6.84,6.9,6.82,6.9,8100.0
2019-02-25,7.0,7.0,6.9,6.9,3167.0
2019-02-26,6.8,7.02,6.8,7.02,5368.0
2019-02-27,6.78,6.78,6.78,6.78,1202.0
2019-02-28,6.8,6.8,6.78,6.78,9029.0
2019-03-01,7.2,7.2,6.78,6.8,18836.0
2019-03-04,6.84,7.18,6.6,7.18,5885.0
2019-03-05,6.8,6.8,6.8,6.8,6587.0
2019-03-06,6.8,6.8,6.8,6.8,0.0
2019-03-07,6.86,6.86,6.82,6.82,11493.0
2019-03-08,9.98,12.0,7.06,7.06,118188.0
2019-03-11,9.28,11.0,8.72,9.98,18633.0
2019-03-12,7.98,8.94,7.7,8.94,32238.0
2019-03-13,7.78,7.8,7.1,7.72,5141.0
2019-03-14,8.18,8.18,7.5,7.8,13781.0
2019-03-15,8.56,8.56,8.18,8.18,575.0
2019-03-18,8.3,8.64,8.12,8.2,9557.0
2019-03-19,8.1,8.1,8.1,8.1,1850.0
2019-03-20,7.82,7.92,7.8,7.92,4355.0
2019-03-21,7.4,7.8,7.22,7.8,11331.0
2019-03-22,7.6,7.68,7.4,7.4,9100.0
2019-03-25,7.2,7.5,7.2,7.5,1302.0
2019-03-26,7.46,7.5,7.46,7.5,62.0
2019-03-27,7.46,7.46,7.46,7.46,0.0
2019-03-28,7.66,7.68,7.5,7.5,4363.0
2019-03-29,7.68,7.68,7.4,7.68,1090.0
2019-04-01,7.05,7.4,7.0,7.4,6787.0
2019-04-02,7.0,7.05,6.9,7.05,4917.0
2019-04-03,7.0,7.05,6.85,6.85,19450.0
2019-04-04,7.0,7.0,7.0,7.0,0.0
2019-04-05,7.55,7.7,7.05,7.05,9488.0
2019-04-08,7.7,7.8,7.7,7.7,7299.0
2019-04-09,7.6,7.6,7.6,7.6,1000.0
2019-04-10,7.4,7.7,7.4,7.7,2000.0
2019-04-11,7.4,7.4,7.4,7.4,0.0
2019-04-12,7.4,7.4,7.4,7.4,2500.0
2019-04-15,8.2,9.45,7.45,7.45,33483.0
2019-04-16,7.15,8.2,7.15,8.2,29466.0
2019-04-17,7.1,7.15,7.0,7.15,14034.0
2019-04-18,7.3,7.3,7.3,7.3,1000.0
2019-04-23,7.05,7.05,7.05,7.05,514.0
2019-04-24,7.25,7.25,7.0,7.05,1556.0
2019-04-25,7.1,7.25,7.05,7.25,2285.0
2019-04-26,7.05,7.05,7.0,7.0,3527.0
2019-04-29,7.8,8.2,6.85,6.9,33827.0
2019-04-30,8.9,8.9,7.5,7.5,25036.0
2019-05-02,11.0,11.4,8.6,8.6,157315.0
2019-05-03,10.8,12.0,10.5,10.7,152238.0
2019-05-06,12.1,12.3,10.0,10.4,172342.0
2019-05-07,12.8,13.9,11.8,12.6,189388.0
2019-05-08,10.4,12.8,10.4,12.8,77153.0
2019-05-09,10.5,11.5,9.4,10.4,86340.0
2019-05-10,10.5,11.0,10.0,10.5,33451.0
2019-05-13,12.5,14.0,10.6,10.6,148672.0
2019-05-14,12.3,14.3,11.5,14.1,56759.0
2019-05-15,12.4,12.4,11.0,12.3,38688.0
2019-05-16,11.8,12.3,11.2,12.2,17802.0
2019-05-17,12.5,13.5,11.2,11.8,22867.0
2019-05-20,12.0,13.1,11.8,12.8,30883.0
2019-05-21,11.9,12.2,11.8,12.2,4674.0
2019-05-22,10.9,11.9,10.6,11.9,40539.0
2019-05-23,10.7,11.4,10.3,11.4,23878.0
2019-05-24,10.7,10.9,9.95,10.4,25720.0
2019-05-27,11.1,11.9,10.7,10.7,14704.0
2019-05-28,10.4,11.4,10.3,11.1,10013.0
2019-05-29,10.4,10.4,9.8,10.4,10997.0
2019-05-31,9.7,10.3,9.6,10.3,17137.0
2019-06-03,10.0,10.3,9.75,9.8,11570.0
2019-06-04,9.75,10.1,9.75,10.0,4928.0
2019-06-05,9.75,10.1,9.75,9.8,2181.0
2019-06-07,10.0,10.3,9.8,9.8,5236.0
2019-06-11,10.4,10.7,10.2,10.7,6009.0
2019-06-12,9.85,10.1,9.85,10.1,4820.0
2019-06-13,9.9,10.3,9.8,9.85,4363.0
2019-06-14,9.95,10.0,9.8,9.9,11295.0
2019-06-18,10.0,10.0,9.7,10.0,13762.0
2019-06-19,9.65,9.65,9.65,9.65,2741.0
2019-06-20,9.7,9.7,9.6,9.65,465.0
2019-06-24,9.55,9.7,9.55,9.7,1855.0
2019-06-25,9.5,9.5,9.3,9.5,1835.0
2019-06-26,9.45,9.5,9.3,9.5,8340.0
2019-06-27,8.9,9.2,8.65,9.15,6053.0
2019-06-28,8.65,9.65,8.65,8.9,14530.0
2019-07-01,8.5,8.65,8.35,8.65,2429.0
2019-07-02,8.0,8.6,7.95,8.6,13192.0
2019-07-03,8.6,8.85,7.75,7.9,14992.0
2019-07-04,8.7,8.7,8.4,8.6,10580.0
2019-07-05,8.5,9.8,8.5,8.7,10238.0
2019-07-08,8.0,8.5,7.5,8.5,7771.0
2019-07-09,8.0,8.0,7.75,7.95,839.0
2019-07-10,8.3,8.3,7.75,8.0,3123.0
2019-07-11,8.1,8.3,8.1,8.1,3003.0
2019-07-12,8.1,8.1,8.1,8.1,850.0
2019-07-15,8.1,8.1,7.8,8.1,2303.0
2019-07-16,8.85,8.85,7.8,8.1,8041.0
2019-07-17,8.55,8.6,8.35,8.5,2582.0
2019-07-18,8.4,8.6,8.35,8.35,2522.0
2019-07-19,8.4,8.4,8.35,8.35,640.0
2019-07-22,8.2,8.4,8.2,8.4,2363.0
2019-07-23,8.5,8.5,8.5,8.5,262.0
2019-07-24,10.8,11.0,8.5,8.5,55244.0
2019-07-25,10.4,12.1,10.3,10.8,38728.0
2019-07-26,9.2,10.7,8.95,10.5,21689.0
2019-07-29,9.85,10.0,9.05,9.05,21881.0
2019-07-30,11.8,11.8,10.1,10.1,39628.0
2019-07-31,11.9,12.3,11.4,11.8,16152.0
2019-08-01,10.8,12.1,10.3,12.0,27641.0
2019-08-02,10.0,11.2,10.0,11.2,9130.0
2019-08-06,10.4,10.6,10.1,10.6,5850.0
2019-08-07,11.3,11.5,9.8,10.6,15636.0
2019-08-08,10.5,11.3,10.3,11.3,10456.0
2019-08-09,10.6,10.6,10.5,10.5,151.0
2019-08-12,10.3,10.3,10.3,10.3,1147.0
2019-08-13,10.0,10.3,10.0,10.3,2002.0
2019-08-14,9.75,10.0,9.75,10.0,5550.0
2019-08-15,9.7,9.75,9.5,9.75,5367.0
2019-08-16,9.7,9.85,9.5,9.5,2253.0
2019-08-19,10.2,10.2,9.7,9.7,1771.0
2019-08-20,11.0,11.3,10.2,10.2,21695.0
2019-08-21,10.6,11.3,10.6,11.3,3930.0
2019-08-22,10.7,11.0,10.3,10.6,1834.0
2019-08-23,10.5,10.7,10.2,10.7,8868.0
2019-08-26,11.3,11.6,10.1,10.1,14944.0
2019-08-27,10.9,11.3,10.9,11.3,2345.0
2019-08-28,10.6,10.8,10.6,10.8,2067.0
2019-08-29,10.6,10.6,10.6,10.6,320.0
2019-08-30,10.4,10.4,10.4,10.4,758.0
2019-09-02,9.95,10.3,9.9,10.3,3657.0
2019-09-03,9.6,9.95,9.6,9.9,4287.0
2019-09-04,9.95,9.95,9.5,9.75,5149.0
2019-09-05,9.95,9.95,9.95,9.95,0.0
2019-09-06,11.0,11.2,9.95,9.95,11637.0
2019-09-09,11.7,11.8,10.9,10.9,8600.0
2019-09-10,11.2,11.8,10.9,11.4,22239.0
2019-09-11,11.2,11.4,11.0,11.4,4019.0
2019-09-12,11.1,11.1,10.7,11.0,4320.0
2019-09-13,11.0,11.0,10.6,10.7,3594.0
2019-09-16,10.9,11.2,10.9,11.0,3132.0
2019-09-17,10.6,10.7,10.6,10.7,1566.0
2019-09-18,10.3,10.5,10.3,10.5,1757.0
2019-09-19,10.3,10.4,10.0,10.2,1166.0
2019-09-20,10.5,10.5,10.4,10.4,1473.0
2019-09-23,10.5,10.8,10.5,10.5,2098.0
2019-09-24,10.1,11.0,10.0,10.7,7936.0
2019-09-25,10.0,10.1,10.0,10.1,1254.0
2019-09-26,9.95,10.0,9.8,9.8,545.0
2019-09-27,10.4,10.4,10.1,10.1,4388.0
2019-09-30,10.4,10.4,10.4,10.4,0.0
2019-10-01,10.4,10.4,10.4,10.4,1643.0
2019-10-02,10.8,10.8,10.5,10.5,94.0
2019-10-03,10.8,10.8,10.5,10.8,228.0
2019-10-04,10.4,10.8,10.4,10.8,1003.0
2019-10-07,10.9,11.0,10.8,10.8,736.0
2019-10-08,11.0,11.0,10.7,10.7,964.0
2019-10-09,10.6,11.0,10.6,11.0,1400.0
2019-10-10,10.2,10.4,10.2,10.4,9446.0
2019-10-11,10.0,10.3,10.0,10.3,3078.0
2019-10-14,10.0,10.0,10.0,10.0,0.0
2019-10-15,9.9,10.0,9.9,10.0,2571.0
2019-10-16,9.9,9.9,9.9,9.9,0.0
2019-10-17,9.85,9.85,9.5,9.65,4311.0
2019-10-18,9.85,10.0,9.75,9.75,8560.0
2019-10-21,9.9,9.9,9.55,9.85,2929.0
2019-10-22,9.5,9.85,9.5,9.85,4469.0
2019-10-23,9.85,9.85,9.5,9.5,627.0
2019-10-24,9.85,9.85,9.6,9.85,590.0
2019-10-25,9.85,9.85,9.6,9.85,496.0
2019-10-28,9.85,9.85,9.55,9.7,1151.0
2019-10-29,9.85,9.85,9.6,9.7,1638.0
2019-10-30,9.85,9.85,9.85,9.85,505.0
2019-10-31,9.85,9.85,9.5,9.5,1750.0
2019-11-01,9.85,9.85,9.85,9.85,0.0
2019-11-04,10.0,10.1,9.85,9.85,1936.0
2019-11-05,10.0,10.0,9.9,9.9,2835.0
2019-11-06,9.9,10.2,9.9,9.9,486.0
2019-11-07,10.2,10.3,9.9,10.3,3984.0
2019-11-08,9.85,10.3,9.85,10.2,6444.0
2019-11-11,10.3,10.3,9.85,9.85,1124.0
2019-11-12,10.3,10.3,10.1,10.1,900.0
2019-11-13,10.0,10.3,10.0,10.3,1303.0
2019-11-14,10.0,10.3,10.0,10.3,1058.0
2019-11-15,10.0,10.1,10.0,10.1,2496.0
2019-11-18,9.8,9.95,9.65,9.8,3794.0
2019-11-19,9.8,9.8,9.6,9.8,2700.0
2019-11-20,9.6,9.8,9.6,9.8,1528.0
2019-11-21,9.5,9.5,9.5,9.5,200.0
2019-11-22,9.85,9.85,9.5,9.8,4300.0
2019-11-25,9.5,10.0,9.5,9.85,3323.0
2019-11-26,9.8,9.8,9.8,9.8,69.0
2019-11-27,9.6,9.8,9.6,9.6,1615.0
2019-11-28,9.6,9.6,9.6,9.6,0.0
2019-11-29,9.6,9.6,9.6,9.6,0.0
2019-12-02,9.85,9.85,9.7,9.7,4087.0
2019-12-03,9.85,9.85,9.85,9.85,0.0
2019-12-04,9.85,9.85,9.65,9.85,1300.0
2019-12-05,9.5,9.6,9.5,9.6,2900.0
2019-12-06,9.55,9.8,9.55,9.8,101.0
2019-12-09,9.55,9.55,9.55,9.55,0.0
2019-12-10,10.4,11.0,9.8,9.8,20529.0
2019-12-11,10.7,10.7,10.4,10.4,154.0
2019-12-12,10.7,10.8,10.7,10.7,2555.0
2019-12-13,10.7,10.7,10.7,10.7,0.0
2019-12-16,11.0,11.4,10.7,10.8,9945.0
2019-12-17,11.1,11.1,11.0,11.0,13461.0
2019-12-18,11.0,11.0,10.9,11.0,9878.0
2019-12-19,11.2,11.2,11.0,11.0,1964.0
2019-12-20,10.7,11.1,10.7,11.0,13450.0
2019-12-23,11.3,11.6,11.0,11.0,58329.0
2019-12-27,11.1,11.5,11.1,11.5,2700.0
2019-12-30,12.0,12.0,12.0,11.1,8263.0
