Date,Open,High,Low,Close,Volume
2017-07-14,8.87,9.26,8.33,8.48,876523.0
2017-07-17,8.58,9.26,8.43,9.11,250280.0
2017-07-18,9.26,9.6,8.87,9.16,111006.0
2017-07-19,9.16,9.16,8.48,8.72,88414.0
2017-07-20,8.53,8.72,8.09,8.72,115507.0
2017-07-21,8.82,8.87,8.33,8.58,22018.0
2017-07-24,8.97,8.97,8.04,8.87,78017.0
2017-07-25,8.68,9.07,8.43,8.82,30337.0
2017-07-26,8.82,12.14,8.82,11.7,705970.0
2017-07-27,11.4,11.65,10.33,10.33,258563.0
2017-07-28,10.33,12.67,10.04,12.53,258102.0
2017-07-31,12.53,12.96,11.55,12.09,208104.0
2017-08-01,12.09,12.33,10.97,11.4,63511.0
2017-08-02,11.4,11.65,10.43,11.65,66061.0
2017-08-03,11.65,14.09,11.21,14.09,635923.0
2017-08-04,13.7,13.74,12.72,13.06,345596.0
2017-08-07,12.77,13.55,12.57,12.82,217225.0
2017-08-08,12.82,13.01,12.14,12.48,101473.0
2017-08-09,12.14,12.18,11.79,12.18,82756.0
2017-08-10,12.09,12.87,11.94,12.14,62928.0
2017-08-11,12.14,12.28,11.6,12.18,44951.0
2017-08-14,12.28,12.48,11.6,11.79,60566.0
2017-08-15,11.7,11.75,11.36,11.7,11748.0
2017-08-16,11.84,11.84,11.45,11.75,18727.0
2017-08-17,11.84,11.99,11.5,11.7,40894.0
2017-08-18,11.7,12.14,11.5,11.89,36961.0
2017-08-21,11.89,11.89,11.36,11.75,37302.0
2017-08-22,11.7,12.62,11.7,12.57,40917.0
2017-08-23,12.57,12.57,12.18,12.48,22749.0
2017-08-24,12.62,13.65,12.48,13.45,59292.0
2017-08-25,13.5,13.79,13.26,13.45,37901.0
2017-08-28,13.7,15.21,13.55,13.65,58137.0
2017-08-29,13.65,13.65,12.57,12.82,69667.0
2017-08-30,12.53,13.99,11.75,13.7,84278.0
2017-08-31,13.65,14.48,12.87,13.94,98919.0
2017-09-01,14.04,14.28,13.45,14.13,47677.0
2017-09-04,14.04,14.52,13.35,14.04,45860.0
2017-09-05,14.13,17.06,14.13,17.06,174866.0
2017-09-06,16.96,18.91,16.57,18.81,249952.0
2017-09-07,19.11,19.79,17.35,18.03,203620.0
2017-09-08,17.94,18.72,17.35,18.33,84238.0
2017-09-11,19.01,21.25,18.81,21.25,206415.0
2017-09-12,21.83,24.66,21.44,24.27,271921.0
2017-09-13,24.37,24.86,21.54,22.81,320844.0
2017-09-14,22.81,23.98,21.64,22.42,153462.0
2017-09-15,22.42,23.3,21.44,22.91,135445.0
2017-09-18,22.91,23.3,20.27,21.05,130718.0
2017-09-19,20.96,20.96,19.11,20.27,180280.0
2017-09-20,20.57,23.3,20.47,21.54,137091.0
2017-09-21,21.44,22.71,20.08,22.61,100396.0
2017-09-22,22.91,23.88,22.71,23.78,120996.0
2017-09-25,24.08,25.44,24.08,25.05,127332.0
2017-09-26,24.95,24.95,22.91,22.91,116616.0
2017-09-27,23.1,24.08,22.61,23.39,70163.0
2017-09-28,23.88,24.37,22.03,24.17,61637.0
2017-09-29,24.17,24.27,23.39,23.59,32373.0
2017-10-02,23.88,23.98,21.15,21.93,47332.0
2017-10-03,22.03,22.03,20.08,21.54,123565.0
2017-10-04,21.54,21.83,20.18,21.44,32904.0
2017-10-05,22.42,25.54,22.42,24.86,230245.0
2017-10-06,24.86,26.12,23.49,24.17,198130.0
2017-10-09,24.17,24.17,22.81,23.88,34713.0
2017-10-10,23.88,24.08,22.71,23.3,30672.0
2017-10-11,23.39,23.69,22.61,22.91,17683.0
2017-10-12,23.1,23.2,21.74,22.71,21895.0
2017-10-13,22.71,23.2,21.93,23.2,22616.0
2017-10-16,23.1,23.2,21.93,22.91,15963.0
2017-10-17,22.81,24.27,22.52,23.1,44733.0
2017-10-18,23.39,24.56,22.91,24.37,29556.0
2017-10-19,24.56,24.56,23.49,23.59,15032.0
2017-10-20,23.59,24.08,22.52,23.1,19149.0
2017-10-23,23.0,23.0,22.32,22.61,36261.0
2017-10-24,23.0,23.1,21.83,22.71,22426.0
2017-10-25,23.1,23.49,22.52,23.49,18761.0
2017-10-26,23.49,23.69,22.32,23.69,42319.0
2017-10-27,24.08,24.37,23.69,23.98,15583.0
2017-10-30,23.98,23.98,22.52,23.69,14974.0
2017-10-31,23.98,23.98,23.2,23.78,14391.0
2017-11-01,23.98,24.08,23.3,23.69,10478.0
2017-11-02,23.69,23.69,22.32,23.3,33342.0
2017-11-03,23.3,23.98,22.91,23.69,14721.0
2017-11-06,23.69,23.98,22.91,23.69,21784.0
2017-11-07,23.49,23.88,22.91,23.69,25077.0
2017-11-08,23.59,24.86,23.2,24.86,46523.0
2017-11-09,24.95,27.29,24.17,26.81,93316.0
2017-11-10,26.71,26.81,24.86,26.51,55193.0
2017-11-13,26.32,26.9,25.83,26.81,18215.0
2017-11-14,26.32,28.37,26.32,28.07,71045.0
2017-11-15,28.07,28.07,26.51,27.59,59822.0
2017-11-16,27.49,28.66,26.9,27.49,83045.0
2017-11-17,27.49,27.49,25.54,25.54,41629.0
2017-11-20,25.54,25.54,24.17,24.66,56767.0
2017-11-21,24.86,24.86,22.81,23.2,97546.0
2017-11-22,23.98,24.47,22.13,22.42,65958.0
2017-11-23,22.42,22.91,20.47,22.91,69092.0
2017-11-24,23.1,23.1,21.74,22.13,27326.0
2017-11-27,22.13,22.32,20.76,22.22,39815.0
2017-11-28,21.64,22.32,20.57,20.86,51389.0
2017-11-29,19.79,21.54,17.55,20.18,64508.0
2017-11-30,20.18,20.18,18.42,19.5,106730.0
2017-12-01,19.3,19.5,18.13,18.91,43476.0
2017-12-04,18.91,22.13,18.91,22.13,52975.0
2017-12-05,22.13,22.91,20.57,21.74,37222.0
2017-12-06,22.03,22.03,20.47,21.05,10067.0
2017-12-07,21.05,21.44,20.27,20.86,10790.0
2017-12-08,20.86,21.25,20.57,21.25,7135.0
2017-12-11,21.05,21.05,19.98,20.57,9007.0
2017-12-12,20.57,20.96,19.4,19.4,15273.0
2017-12-13,19.98,19.98,18.91,19.59,15979.0
2017-12-14,19.59,19.59,18.91,19.3,5322.0
2017-12-15,19.3,19.5,18.91,19.5,7834.0
2017-12-18,19.5,19.5,18.72,19.01,11651.0
2017-12-19,19.11,19.3,18.33,18.72,34306.0
2017-12-20,18.42,19.4,18.13,18.62,33346.0
2017-12-21,18.42,20.27,18.23,19.3,27297.0
2017-12-22,19.5,20.18,19.5,19.5,12169.0
2017-12-27,19.5,20.66,19.2,20.57,17945.0
2017-12-28,20.18,21.05,20.18,20.66,26382.0
2017-12-29,20.86,21.15,20.27,20.27,11261.0
2018-01-02,20.47,20.96,20.32,20.81,13667.0
2018-01-03,20.47,21.59,20.47,21.35,29773.0
2018-01-04,21.54,23.0,21.54,22.03,19530.0
2018-01-05,22.03,22.08,21.59,21.59,5590.0
2018-01-08,21.59,22.96,21.59,22.22,18264.0
2018-01-09,22.37,22.96,21.93,22.42,10642.0
2018-01-10,22.71,23.49,22.08,23.39,15325.0
2018-01-11,23.49,23.49,22.91,22.91,14128.0
2018-01-12,23.05,25.34,22.91,25.05,91516.0
2018-01-15,26.22,26.22,24.52,25.15,53055.0
2018-01-16,25.64,25.64,22.91,23.98,48886.0
2018-01-17,24.37,26.07,23.69,23.98,78924.0
2018-01-18,24.37,24.47,23.05,23.49,30887.0
2018-01-19,23.1,23.83,22.47,23.78,45912.0
2018-01-22,24.37,24.37,23.0,23.54,15529.0
2018-01-23,23.88,24.27,23.39,24.13,15995.0
2018-01-24,23.78,24.13,22.86,23.98,18222.0
2018-01-25,23.78,23.78,22.61,23.39,16222.0
2018-01-26,23.39,23.49,22.96,22.96,16492.0
2018-01-29,23.2,23.35,21.79,22.18,34117.0
2018-01-30,22.18,23.69,21.15,21.64,96726.0
2018-01-31,21.54,21.59,20.47,21.35,24280.0
2018-02-01,21.35,21.49,20.27,21.44,58108.0
2018-02-02,21.44,23.39,20.96,21.74,101303.0
2018-02-05,21.44,21.44,19.3,19.98,88358.0
2018-02-06,17.45,19.5,17.45,19.5,90750.0
2018-02-07,19.69,21.05,18.73,19.64,27127.0
2018-02-08,19.59,19.59,18.07,18.52,31396.0
2018-02-09,17.6,18.91,17.55,18.62,59974.0
2018-02-12,18.52,20.37,18.5,19.24,23487.0
2018-02-13,19.64,19.64,19.32,19.32,2992.0
2018-02-14,19.32,19.69,18.64,19.3,17512.0
2018-02-15,19.74,20.08,19.54,20.08,10563.0
2018-02-16,20.18,20.18,19.32,19.89,6321.0
2018-02-19,19.93,20.13,18.95,19.3,5978.0
2018-02-20,18.91,20.13,18.54,19.93,6325.0
2018-02-21,20.18,20.18,19.01,20.13,9705.0
2018-02-22,20.13,20.57,19.01,19.64,23112.0
2018-02-23,19.64,20.37,19.59,19.69,3166.0
2018-02-26,20.08,20.08,19.36,19.69,10786.0
2018-02-27,19.69,19.98,19.32,19.98,6183.0
2018-02-28,20.18,21.1,19.5,20.47,34951.0
2018-03-01,20.47,20.86,19.5,19.5,5823.0
2018-03-02,19.44,20.23,19.44,20.03,9002.0
2018-03-05,19.4,20.13,19.26,19.98,8323.0
2018-03-06,20.18,20.18,19.5,19.79,11622.0
2018-03-07,19.74,21.44,19.74,20.91,29886.0
2018-03-08,20.96,20.96,20.13,20.13,3232.0
2018-03-09,21.4,21.4,19.98,20.32,11426.0
2018-03-12,20.32,21.01,19.54,20.32,9232.0
2018-03-13,19.79,20.86,19.79,19.79,8765.0
2018-03-14,20.13,20.13,19.07,19.34,30588.0
2018-03-15,19.36,19.64,19.05,19.44,15251.0
2018-03-16,19.09,19.42,19.01,19.34,9437.0
2018-03-19,18.89,19.34,18.89,19.24,15418.0
2018-03-20,19.24,19.36,18.87,19.36,3170.0
2018-03-21,19.36,19.44,18.68,19.36,4428.0
2018-03-22,18.91,19.14,18.62,18.68,17245.0
2018-03-23,18.03,18.68,18.03,18.46,16436.0
2018-03-26,18.09,18.42,17.72,17.84,9949.0
2018-03-27,17.78,18.87,17.74,18.54,3807.0
2018-03-28,18.52,18.79,18.05,18.05,9509.0
2018-03-29,16.82,16.82,14.64,14.64,95067.0
2018-04-03,14.64,14.91,13.35,14.19,61528.0
2018-04-04,14.19,15.58,14.19,15.58,31263.0
2018-04-05,15.91,17.55,15.91,17.06,24309.0
2018-04-06,16.86,16.86,16.24,16.67,12131.0
2018-04-09,16.08,16.65,15.48,16.06,10947.0
2018-04-10,16.36,16.36,15.28,15.28,1916.0
2018-04-11,15.56,17.31,15.54,15.56,15506.0
2018-04-12,15.56,15.56,15.32,15.54,7383.0
2018-04-13,15.21,15.58,14.74,15.58,16563.0
2018-04-16,15.19,17.08,14.89,16.08,10594.0
2018-04-17,16.08,16.08,15.56,15.64,9728.0
2018-04-18,16.47,16.47,15.71,15.89,2628.0
2018-04-19,16.47,16.47,15.21,15.23,4636.0
2018-04-20,15.11,15.38,14.93,15.11,5437.0
2018-04-23,15.11,15.28,15.07,15.19,3460.0
2018-04-24,15.19,15.48,14.62,15.03,8482.0
2018-04-25,15.3,15.3,14.74,14.99,1932.0
2018-04-26,15.28,15.28,14.35,14.62,4073.0
2018-04-27,16.65,16.65,14.84,14.84,7228.0
2018-04-30,14.84,14.84,14.84,14.84,0.0
2018-05-02,14.84,15.42,14.23,14.87,26631.0
2018-05-03,15.11,15.13,13.92,14.82,17965.0
2018-05-04,14.82,15.67,14.82,15.67,20916.0
2018-05-07,15.85,15.85,15.38,15.77,7915.0
2018-05-08,15.79,15.79,14.82,14.82,10624.0
2018-05-09,14.82,14.99,14.62,14.66,5060.0
2018-05-11,14.35,14.37,13.78,14.17,13880.0
2018-05-14,13.9,14.31,13.0,13.49,21669.0
2018-05-15,13.32,13.32,12.79,12.81,7424.0
2018-05-16,12.81,13.72,12.67,13.14,16773.0
2018-05-17,13.14,13.39,12.89,13.26,26177.0
2018-05-18,12.96,14.54,12.96,14.13,24325.0
2018-05-21,15.11,15.25,14.45,14.72,10257.0
2018-05-22,14.54,14.87,14.33,14.6,6992.0
2018-05-23,14.86,14.99,13.78,14.99,9998.0
2018-05-24,15.3,15.3,14.41,14.41,4465.0
2018-05-25,14.64,14.95,14.6,14.72,9258.0
2018-05-28,14.62,14.99,14.43,14.58,12325.0
2018-05-29,14.84,15.99,14.04,14.04,67488.0
2018-05-30,13.72,13.86,13.14,13.16,29389.0
2018-05-31,13.22,13.65,13.16,13.16,25247.0
2018-06-01,14.82,14.87,13.69,13.96,13660.0
2018-06-04,13.76,14.62,13.74,14.52,14340.0
2018-06-05,14.52,16.47,14.52,15.87,36354.0
2018-06-06,15.87,15.87,15.87,15.87,0.0
2018-06-07,16.14,18.03,16.14,17.57,36681.0
2018-06-08,17.57,18.15,16.55,17.57,11123.0
2018-06-11,17.57,19.36,17.57,18.25,9475.0
2018-06-12,18.97,19.3,18.56,19.22,26823.0
2018-06-13,19.22,19.22,17.84,19.18,18966.0
2018-06-14,18.81,18.81,17.6,18.19,3802.0
2018-06-15,18.19,18.19,16.84,17.06,23972.0
2018-06-18,17.55,17.55,17.53,17.55,515.0
2018-06-19,16.94,17.84,16.94,17.84,6895.0
2018-06-20,17.16,18.17,17.16,17.55,11950.0
2018-06-21,17.55,17.84,16.57,16.8,8722.0
2018-06-22,16.8,16.8,16.8,16.8,0.0
2018-06-25,17.06,17.06,15.6,16.55,13042.0
2018-06-26,16.57,16.57,15.87,16.34,3564.0
2018-06-27,15.99,16.18,15.64,15.97,5976.0
2018-06-28,15.65,16.26,15.65,15.93,2506.0
2018-06-29,15.99,17.06,15.6,17.06,14243.0
2018-07-02,15.79,18.48,15.79,16.98,9469.0
2018-07-03,17.29,17.6,16.59,16.82,1083.0
2018-07-04,16.84,16.84,16.04,16.14,6258.0
2018-07-05,16.08,16.08,15.81,15.97,3509.0
2018-07-06,15.75,16.63,15.3,16.63,14457.0
2018-07-09,16.26,16.26,15.6,15.99,17253.0
2018-07-10,15.97,16.24,15.6,15.93,13257.0
2018-07-11,16.65,16.65,15.64,15.87,11548.0
2018-07-12,16.14,16.55,15.23,15.6,16571.0
2018-07-13,15.3,15.87,14.99,15.46,23157.0
2018-07-16,15.15,15.6,14.5,14.84,23869.0
2018-07-17,14.33,14.39,13.94,14.0,15114.0
2018-07-18,13.88,13.88,13.3,13.65,46205.0
2018-07-19,13.65,13.74,13.41,13.43,6487.0
2018-07-20,13.65,13.84,13.41,13.84,9641.0
2018-07-23,13.84,14.08,13.55,13.94,3457.0
2018-07-24,13.67,14.13,13.65,13.84,20647.0
2018-07-25,13.92,13.92,13.45,13.72,3250.0
2018-07-26,13.63,13.63,12.79,13.24,23898.0
2018-07-27,13.16,13.65,13.16,13.63,6511.0
2018-07-30,13.63,13.63,13.16,13.53,2541.0
2018-07-31,13.53,13.53,13.16,13.43,7518.0
2018-08-01,13.43,13.63,13.12,13.2,9120.0
2018-08-02,13.2,13.65,13.16,13.61,43509.0
2018-08-03,13.18,14.02,13.16,13.57,26431.0
2018-08-06,13.57,14.04,13.45,13.55,13301.0
2018-08-07,13.63,14.04,13.32,13.45,51144.0
2018-08-08,13.28,13.43,12.85,13.06,12701.0
2018-08-09,13.06,13.45,13.06,13.14,14962.0
2018-08-10,13.14,13.16,12.67,12.93,29504.0
2018-08-13,13.1,13.59,13.06,13.18,35611.0
2018-08-14,13.18,14.6,12.71,14.04,58204.0
2018-08-15,14.29,14.56,13.82,14.08,26920.0
2018-08-16,14.13,14.37,13.74,13.74,9036.0
2018-08-17,13.47,13.72,11.7,13.08,41271.0
2018-08-20,13.16,13.16,12.55,12.81,38268.0
2018-08-21,12.77,13.24,12.55,12.87,37631.0
2018-08-22,13.08,13.28,12.57,12.87,8155.0
2018-08-23,13.04,13.06,12.67,12.93,6973.0
2018-08-24,12.67,13.14,12.67,12.81,21288.0
2018-08-27,12.81,13.02,12.54,12.65,13379.0
2018-08-28,12.65,14.37,12.65,12.75,13819.0
2018-08-29,12.75,12.75,12.48,12.63,7919.0
2018-08-30,12.4,13.84,12.36,13.04,43116.0
2018-08-31,12.77,12.96,12.44,12.44,30065.0
2018-09-03,12.63,12.63,12.03,12.26,40734.0
2018-09-04,12.46,12.87,12.18,12.87,15863.0
2018-09-05,13.06,13.06,12.3,12.5,13105.0
2018-09-06,12.48,12.69,12.48,12.48,10941.0
2018-09-07,12.65,12.67,11.89,12.13,14554.0
2018-09-10,12.13,12.93,11.87,12.85,14594.0
2018-09-11,12.55,12.55,12.26,12.46,4061.0
2018-09-12,12.46,12.67,12.18,12.59,7378.0
2018-09-13,12.69,12.69,12.11,12.46,9316.0
2018-09-14,12.67,12.67,12.18,12.36,10164.0
2018-09-17,12.55,12.55,11.81,12.2,8727.0
2018-09-18,11.93,12.4,11.62,12.28,12406.0
2018-09-19,12.03,12.03,11.48,11.91,19531.0
2018-09-20,11.7,12.09,11.44,11.91,36919.0
2018-09-21,11.91,11.91,11.21,11.4,5696.0
2018-09-24,11.6,12.55,10.82,11.54,52683.0
2018-09-25,11.44,11.91,11.44,11.7,12035.0
2018-09-26,11.46,11.87,10.7,11.11,35863.0
2018-09-27,10.92,11.07,10.35,10.57,30000.0
2018-09-28,10.57,10.76,10.0,10.22,38268.0
2018-10-01,10.02,10.39,10.0,10.08,19447.0
2018-10-02,9.94,11.29,9.65,9.75,102305.0
2018-10-03,9.83,10.12,9.65,9.75,34840.0
2018-10-04,9.56,11.27,9.55,10.74,128432.0
2018-10-05,10.74,10.74,10.16,10.43,19954.0
2018-10-08,10.22,10.22,9.55,9.75,17377.0
2018-10-09,9.75,9.9,9.74,9.75,11512.0
2018-10-10,9.58,10.43,9.58,10.04,28710.0
2018-10-11,9.85,9.85,9.27,9.79,44172.0
2018-10-12,9.55,10.33,9.55,10.04,25445.0
2018-10-15,9.94,10.22,9.56,9.83,9878.0
2018-10-16,9.62,10.53,9.62,10.02,36969.0
2018-10-17,10.08,10.12,9.75,10.0,8367.0
2018-10-18,9.98,9.98,9.75,9.88,6391.0
2018-10-19,10.0,10.0,9.55,9.75,8071.0
2018-10-22,9.55,9.73,9.51,9.71,12535.0
2018-10-23,9.6,9.64,9.49,9.64,6351.0
2018-10-24,9.44,9.81,9.44,9.56,19069.0
2018-10-25,9.75,9.75,9.07,9.25,17831.0
2018-10-26,9.42,9.42,9.16,9.37,13077.0
2018-10-29,9.42,9.42,9.16,9.41,14056.0
2018-10-30,9.21,9.26,9.02,9.12,14644.0
2018-10-31,8.98,9.15,8.97,9.13,19417.0
2018-11-01,8.95,9.12,8.8,8.93,38142.0
2018-11-02,8.84,8.98,8.66,8.98,20051.0
2018-11-05,8.8,8.96,8.64,8.8,13730.0
2018-11-06,8.95,9.44,8.74,8.98,42057.0
2018-11-07,9.12,9.12,7.91,8.76,22701.0
2018-11-08,8.6,9.35,8.46,9.08,24330.0
2018-11-09,9.08,9.92,9.06,9.85,21794.0
2018-11-12,9.98,10.49,9.37,9.37,18390.0
2018-11-13,9.54,9.9,9.17,9.36,10352.0
2018-11-14,9.36,9.36,8.94,8.94,7466.0
2018-11-15,8.94,9.29,8.72,8.97,13851.0
2018-11-16,9.13,9.13,8.35,8.85,15571.0
2018-11-19,8.85,9.0,8.71,8.77,20676.0
2018-11-20,8.77,8.77,8.58,8.67,11181.0
2018-11-21,8.67,9.36,8.48,9.36,12323.0
2018-11-22,9.14,9.3,8.5,8.83,42277.0
2018-11-23,8.98,9.12,8.79,9.12,6719.0
2018-11-26,8.98,9.74,8.93,9.34,48962.0
2018-11-27,9.5,10.31,9.34,9.36,54113.0
2018-11-28,9.35,9.35,8.87,8.87,3231.0
2018-11-29,8.68,9.12,8.49,8.97,12037.0
2018-11-30,8.97,9.26,8.78,8.95,9913.0
2018-12-03,8.75,9.08,8.33,9.08,3209.0
2018-12-04,9.11,9.11,8.97,8.97,2711.0
2018-12-05,8.78,8.92,8.68,8.68,12924.0
2018-12-06,8.5,8.57,8.33,8.57,8120.0
2018-12-07,8.57,8.7,8.57,8.58,9521.0
2018-12-10,8.29,8.55,7.83,8.55,28544.0
2018-12-11,8.23,8.51,7.92,8.37,7001.0
2018-12-12,8.36,8.36,8.35,8.35,10630.0
2018-12-13,8.35,8.37,7.97,7.97,19313.0
2018-12-14,8.08,8.08,7.68,7.97,20419.0
2018-12-17,7.87,7.87,7.13,7.39,17231.0
2018-12-18,7.12,7.2,6.97,7.19,15470.0
2018-12-19,7.15,7.15,6.82,7.02,2297.0
2018-12-20,6.92,6.92,6.73,6.82,14935.0
2018-12-21,6.82,8.28,6.82,8.28,23648.0
2018-12-27,7.76,8.07,6.73,7.01,73302.0
2018-12-28,7.74,7.74,6.85,6.85,7202.0
2019-01-02,6.86,7.57,6.86,7.08,4186.0
2019-01-03,6.86,6.86,6.64,6.76,4429.0
2019-01-04,6.83,7.5,6.78,7.29,9244.0
2019-01-07,7.18,7.2,6.78,7.18,3186.0
2019-01-08,8.69,8.69,6.63,7.05,5969.0
2019-01-09,7.05,7.3,6.58,7.3,5335.0
2019-01-10,6.7,7.12,6.7,7.02,19278.0
2019-01-11,7.01,7.01,7.01,7.01,51.0
2019-01-14,6.82,7.15,6.73,7.15,1608.0
2019-01-15,7.16,7.16,6.35,6.95,15518.0
2019-01-16,6.82,6.82,6.35,6.6,4261.0
2019-01-17,6.76,6.76,6.34,6.55,1663.0
2019-01-18,6.35,6.82,6.23,6.68,56678.0
2019-01-21,6.82,6.9,6.53,6.66,4329.0
2019-01-22,6.81,6.91,6.53,6.91,22949.0
2019-01-23,6.9,7.8,6.9,7.3,23713.0
2019-01-24,7.84,7.84,7.41,7.69,3408.0
2019-01-25,7.8,7.8,7.01,7.54,7843.0
2019-01-28,7.54,7.54,6.92,7.09,15266.0
2019-01-29,6.94,7.57,6.94,7.3,13851.0
2019-01-30,7.56,9.05,6.92,9.05,48426.0
2019-01-31,9.03,9.03,7.41,7.8,54972.0
2019-02-01,7.98,8.57,7.8,7.8,22275.0
2019-02-04,7.9,8.76,7.6,8.27,25840.0
2019-02-05,8.27,8.96,7.93,8.75,20554.0
2019-02-06,8.05,8.74,7.99,8.68,57107.0
2019-02-07,9.08,9.71,8.34,8.96,15467.0
2019-02-08,8.77,9.71,8.76,9.71,11590.0
2019-02-11,10.72,11.56,10.72,10.98,71679.0
2019-02-12,11.0,14.02,11.0,13.65,231059.0
2019-02-13,13.65,13.92,11.91,13.12,64487.0
2019-02-14,13.9,15.11,13.45,13.65,45438.0
2019-02-15,13.8,13.92,13.26,13.33,26898.0
2019-02-18,13.33,15.48,13.33,14.84,106127.0
2019-02-19,15.01,16.24,14.91,15.46,69689.0
2019-02-20,16.65,16.92,15.81,16.45,67651.0
2019-02-21,16.55,16.55,14.91,15.5,51262.0
2019-02-22,14.95,14.99,12.61,12.96,97419.0
2019-02-25,12.98,16.16,12.67,16.01,47977.0
2019-02-26,16.01,17.55,15.99,16.08,86714.0
2019-02-27,16.47,16.77,15.73,15.89,39068.0
2019-02-28,17.37,17.37,15.6,15.99,36254.0
2019-03-01,15.6,16.84,14.62,15.34,31441.0
2019-03-04,16.08,16.08,13.43,13.49,70909.0
2019-03-05,13.65,14.87,13.35,13.65,47336.0
2019-03-06,13.55,14.11,13.16,13.65,21964.0
2019-03-07,14.62,14.62,13.65,14.06,8135.0
2019-03-08,14.6,14.6,13.16,13.86,3177.0
2019-03-11,15.01,15.58,13.45,13.47,9433.0
2019-03-12,14.52,14.52,13.35,13.67,6923.0
2019-03-13,13.67,13.67,12.38,12.63,29656.0
2019-03-14,12.63,13.82,12.63,13.33,43778.0
2019-03-15,13.33,14.13,13.16,13.65,23207.0
2019-03-18,14.64,16.61,14.13,14.6,39716.0
2019-03-19,15.09,15.09,13.84,14.23,17284.0
2019-03-20,14.5,14.6,13.55,14.29,35230.0
2019-03-21,14.29,14.29,10.35,12.03,161722.0
2019-03-22,12.07,12.46,10.66,12.4,180977.0
2019-03-25,12.65,12.65,11.5,11.74,9142.0
2019-03-26,12.07,12.07,10.92,11.7,13265.0
2019-03-27,11.5,12.18,10.72,12.18,12556.0
2019-03-28,12.07,13.16,11.7,12.63,48733.0
2019-03-29,12.65,13.2,12.2,13.0,16549.0
2019-04-01,14.04,14.04,11.7,13.45,5196.0
2019-04-02,13.65,13.65,12.23,12.67,10559.0
2019-04-03,12.38,13.11,12.18,12.82,2607.0
2019-04-04,12.82,13.79,12.67,13.45,7685.0
2019-04-05,12.77,13.65,12.33,13.31,11668.0
2019-04-08,13.26,13.26,12.18,12.18,2814.0
2019-04-09,12.67,12.67,11.79,11.99,7517.0
2019-04-10,12.57,12.57,11.01,11.6,64589.0
2019-04-11,11.11,12.14,10.72,11.26,21640.0
2019-04-12,10.82,11.26,10.19,11.26,21821.0
2019-04-15,11.16,12.14,10.38,11.99,14109.0
2019-04-16,11.99,11.99,11.6,11.89,7573.0
2019-04-17,12.18,12.18,11.55,12.09,8213.0
2019-04-18,12.3,12.3,10.55,12.05,701.0
2019-04-23,12.1,12.1,11.25,11.95,4175.0
2019-04-24,11.05,11.95,11.0,11.95,29581.0
2019-04-25,11.95,11.95,11.05,11.8,8465.0
2019-04-26,11.95,11.95,11.0,11.15,12748.0
2019-04-29,11.95,11.95,11.0,11.4,12746.0
2019-04-30,11.9,12.1,11.35,11.35,11108.0
2019-05-02,11.3,13.5,10.5,13.3,102683.0
2019-05-03,13.0,14.35,12.0,13.4,33356.0
2019-05-06,13.35,13.9,13.0,13.3,26594.0
2019-05-07,13.8,13.8,12.85,12.85,8532.0
2019-05-08,13.5,13.5,12.05,12.75,26056.0
2019-05-09,13.45,13.45,12.1,13.05,2768.0
2019-05-10,13.0,13.4,12.5,13.1,52208.0
2019-05-13,13.0,13.0,12.7,13.0,23551.0
2019-05-14,13.0,15.15,12.9,14.5,82225.0
2019-05-15,14.2,16.5,13.7,16.0,149762.0
2019-05-16,16.0,16.75,15.6,16.55,56589.0
2019-05-17,16.55,16.55,15.0,16.0,35029.0
2019-05-20,16.35,18.5,16.35,18.0,87140.0
2019-05-21,18.1,18.75,16.6,17.65,37236.0
2019-05-22,17.3,17.3,15.25,15.95,67123.0
2019-05-23,15.5,16.0,14.75,15.3,41826.0
2019-05-24,15.3,16.75,15.3,16.1,17058.0
2019-05-27,16.1,17.45,15.5,16.25,13369.0
2019-05-28,15.75,15.75,13.6,13.7,261074.0
2019-05-29,13.9,14.6,13.6,13.95,64439.0
2019-05-31,13.95,13.95,12.65,12.9,70947.0
2019-06-03,12.95,13.0,12.0,12.75,31677.0
2019-06-04,12.75,12.75,12.0,12.5,43257.0
2019-06-05,12.65,14.0,12.35,13.45,18030.0
2019-06-07,13.45,13.8,13.0,13.3,8988.0
2019-06-11,13.0,13.4,12.75,13.15,17689.0
2019-06-12,13.0,13.0,12.05,12.4,40933.0
2019-06-13,12.4,13.4,11.9,13.05,20405.0
2019-06-14,13.4,13.4,12.25,13.25,19095.0
2019-06-18,14.8,15.1,13.6,14.0,27063.0
2019-06-19,14.0,14.45,13.45,14.05,19378.0
2019-06-20,14.05,14.25,13.45,13.7,12060.0
2019-06-24,13.7,13.7,13.0,13.4,28153.0
2019-06-25,14.95,14.95,13.05,13.3,5138.0
2019-06-26,13.3,13.7,12.9,13.25,10638.0
2019-06-27,13.65,13.75,13.0,13.65,61545.0
2019-06-28,13.65,14.25,13.45,14.1,82783.0
2019-07-01,14.45,15.0,13.35,13.95,21462.0
2019-07-02,13.4,14.45,13.4,13.9,13969.0
2019-07-03,14.0,14.25,13.15,13.15,38520.0
2019-07-04,13.9,13.9,12.5,13.25,58950.0
2019-07-05,13.25,13.35,12.55,12.95,80794.0
2019-07-08,12.9,12.9,12.45,12.65,15306.0
2019-07-09,12.6,12.75,12.2,12.7,30814.0
2019-07-10,12.65,12.65,12.1,12.45,29979.0
2019-07-11,12.45,13.3,12.05,13.2,85816.0
2019-07-12,13.2,13.35,12.65,13.25,100333.0
2019-07-15,13.2,13.2,12.3,12.55,48653.0
2019-07-16,12.55,13.05,12.3,12.85,20869.0
2019-07-17,12.85,13.15,12.45,13.0,10423.0
2019-07-18,13.0,13.45,12.6,12.6,17648.0
2019-07-19,13.15,13.15,12.55,12.55,8682.0
2019-07-22,12.55,13.45,12.55,13.45,34880.0
2019-07-23,13.25,13.3,13.05,13.1,14467.0
2019-07-24,13.45,13.45,12.6,12.85,19630.0
2019-07-25,13.25,13.4,12.85,13.4,8768.0
2019-07-26,13.05,14.35,13.05,13.75,26723.0
2019-07-29,13.75,13.75,13.15,13.35,19240.0
2019-07-30,13.45,15.3,12.7,15.0,198661.0
2019-07-31,15.35,15.35,14.0,14.5,94169.0
2019-08-01,14.5,15.4,14.2,14.9,94687.0
2019-08-02,15.2,15.35,14.0,14.5,25387.0
2019-08-06,14.25,16.2,13.6,16.05,191969.0
2019-08-07,16.75,17.45,15.55,16.5,419489.0
2019-08-08,16.9,17.15,15.3,15.5,166685.0
2019-08-09,15.65,15.8,15.05,15.2,65663.0
2019-08-12,15.0,15.0,14.15,14.15,102662.0
2019-08-13,14.15,15.25,13.7,15.0,98105.0
2019-08-14,15.0,15.25,14.3,14.6,36759.0
2019-08-15,14.6,14.6,13.25,13.5,68215.0
2019-08-16,14.1,14.85,13.95,14.4,49141.0
2019-08-19,14.35,14.9,14.0,14.05,19202.0
2019-08-20,14.1,15.0,14.1,14.35,11738.0
2019-08-21,14.4,14.9,13.8,14.0,20813.0
2019-08-22,14.45,14.45,13.7,14.25,14957.0
2019-08-23,14.25,14.45,13.95,13.95,22039.0
2019-08-26,13.95,14.45,13.5,14.4,14604.0
2019-08-27,14.35,14.35,14.0,14.2,17415.0
2019-08-28,14.75,14.75,13.8,14.2,17368.0
2019-08-29,11.3,11.5,10.6,11.25,395930.0
2019-08-30,11.5,12.5,11.1,11.4,74018.0
2019-09-02,11.4,11.75,10.9,10.9,53376.0
2019-09-03,10.95,11.6,10.95,11.6,45280.0
2019-09-04,12.0,12.0,11.25,11.65,49259.0
2019-09-05,11.65,11.65,10.85,11.2,80569.0
2019-09-06,10.95,10.95,10.45,10.95,19733.0
2019-09-09,10.95,11.05,10.2,10.85,42635.0
2019-09-10,10.9,11.05,10.55,10.8,13537.0
2019-09-11,11.05,11.05,10.55,10.8,10313.0
2019-09-12,10.55,11.0,10.4,10.5,9559.0
2019-09-13,10.9,11.7,10.35,11.3,52636.0
2019-09-16,11.85,11.9,10.8,11.65,56280.0
2019-09-17,11.2,12.65,11.0,12.15,131740.0
2019-09-18,12.95,12.95,12.15,12.25,50238.0
2019-09-19,12.25,12.25,11.55,12.05,25561.0
2019-09-20,12.3,12.3,11.65,12.0,29554.0
2019-09-23,12.0,12.5,11.7,11.9,45533.0
2019-09-24,11.8,12.35,11.6,12.0,13978.0
2019-09-25,12.2,12.2,11.8,12.1,27422.0
2019-09-26,12.0,14.6,11.35,13.3,386867.0
2019-09-27,13.45,14.0,12.2,12.45,95849.0
2019-09-30,12.6,12.85,11.8,12.0,59817.0
2019-10-01,11.8,12.45,11.0,11.0,137783.0
2019-10-02,11.05,11.65,10.9,11.1,58775.0
2019-10-03,11.0,11.05,10.3,10.8,41797.0
2019-10-04,10.5,11.0,10.5,10.55,33259.0
2019-10-07,10.85,11.45,10.5,11.2,10203.0
2019-10-08,11.45,11.5,11.15,11.25,67820.0
2019-10-09,11.25,11.4,10.75,11.15,26810.0
2019-10-10,11.15,11.3,10.5,10.55,67766.0
2019-10-11,10.7,10.95,10.35,10.95,44788.0
2019-10-14,10.95,11.35,10.7,11.35,12640.0
2019-10-15,11.0,11.25,10.7,10.85,27722.0
2019-10-16,10.7,11.25,10.5,11.0,9824.0
2019-10-17,11.5,11.5,10.5,10.85,15482.0
2019-10-18,10.7,11.15,10.65,11.0,2631.0
2019-10-21,11.0,11.0,10.4,10.65,18093.0
2019-10-22,10.4,10.4,10.25,10.4,27606.0
2019-10-23,10.3,10.7,10.3,10.7,15868.0
2019-10-24,10.7,11.0,10.4,10.65,26564.0
2019-10-25,11.2,11.2,10.25,10.6,23899.0
2019-10-28,9.5,10.45,9.5,10.0,88801.0
2019-10-29,10.35,10.35,9.7,9.7,20701.0
2019-10-30,9.68,10.9,9.4,10.8,129041.0
2019-10-31,10.85,11.35,10.0,10.6,110926.0
2019-11-01,10.6,11.1,10.6,11.1,30785.0
2019-11-04,11.1,11.35,10.55,10.8,72779.0
2019-11-05,10.8,11.1,10.5,10.95,15091.0
2019-11-06,10.95,11.05,10.4,10.95,7036.0
2019-11-07,10.9,11.05,10.35,10.7,16765.0
2019-11-08,10.7,10.7,10.1,10.7,18313.0
2019-11-11,10.05,10.65,10.0,10.45,67010.0
2019-11-12,10.1,10.8,10.1,10.7,1228.0
2019-11-13,10.7,10.9,10.3,10.4,5053.0
2019-11-14,10.85,10.85,10.1,10.2,5538.0
2019-11-15,10.05,10.85,9.88,10.0,44083.0
2019-11-18,10.5,10.55,9.1,9.74,35177.0
2019-11-19,10.15,10.4,9.7,10.4,8113.0
2019-11-20,10.4,10.4,9.88,10.25,11042.0
2019-11-21,9.7,10.2,9.7,9.7,4565.0
2019-11-22,9.7,10.4,9.2,9.62,27789.0
2019-11-25,9.62,10.1,9.42,9.44,14340.0
2019-11-26,10.1,10.1,9.38,9.38,16198.0
2019-11-27,9.38,10.7,9.38,10.1,150053.0
2019-11-28,9.52,9.78,9.08,9.54,172840.0
2019-11-29,9.6,10.1,9.56,9.8,37056.0
2019-12-02,9.92,10.0,9.26,9.82,6465.0
2019-12-03,9.82,9.82,9.4,9.8,20201.0
2019-12-04,9.94,9.94,9.54,9.68,8881.0
2019-12-05,9.7,10.8,9.58,10.8,35968.0
2019-12-06,9.74,10.65,9.74,10.25,19390.0
2019-12-09,10.95,10.95,10.3,10.55,19723.0
2019-12-10,10.8,10.85,10.2,10.5,13688.0
2019-12-11,10.9,11.15,10.55,10.65,22542.0
2019-12-12,10.65,10.85,10.25,10.45,5944.0
2019-12-13,10.25,10.4,10.0,10.4,27373.0
2019-12-16,10.8,10.8,10.0,10.75,12521.0
2019-12-17,10.75,10.75,10.2,10.7,18262.0
2019-12-18,10.5,10.7,10.25,10.7,13455.0
2019-12-19,10.7,10.7,10.15,10.65,11660.0
2019-12-20,10.2,10.7,10.2,10.7,9377.0
2019-12-23,10.7,11.3,10.55,11.1,26085.0
2019-12-27,11.1,11.1,10.5,11.05,10460.0
2019-12-30,11.0,11.45,10.4,11.1,43739.0
2020-01-02,11.3,11.3,10.45,11.3,6603.0
